industry,factory_size,production,electricity_kwh,natural_gas_scm,diesel_litre,raw_material_kg,waste_kg,electricity_emissions,gas_emissions,diesel_emissions,waste_emissions,total_emissions,emission_intensity,energy_intensity,waste_ratio,top_hotspot,second_hotspot,budget,reduction_target,recommended_intervention,renewable_potential,compliance_score,electricity_score,gas_score,diesel_score,waste_score,emission_score,emissions_per_unit,energy_efficiency_score,recommendation_priority,intervention_impact,potential_reduction_tonnes,roi_score
Leather,Medium,148160,193079,23336,3082,76275,6028,140.37,45.74,8.26,7.78,202.15,1.36,2.98,7.9,Electricity,Natural Gas,286767,20,Compressed Air Optimization,High,63.4,6.759135607624136,5.547770303936224,7.733892321270962,5.987586710478277,26.03,1.364,84.44,Low,0.12,24.26,0.0846
Leather,Medium,89808,170249,19266,1937,86580,4140,123.77,37.76,5.19,5.34,172.06,1.92,4.15,4.78,Electricity,Natural Gas,252357,30,Smart Metering,Low,96.2,5.751487191938812,4.305244145490781,4.346866725507502,3.760496531580869,18.16,1.916,72.52,Medium,0.05,8.6,0.0341
Electronics,Large,265001,347238,47247,4492,203908,10484,252.44,92.6,12.04,13.52,370.6,1.4,3.18,5.14,Electricity,Natural Gas,338823,10,Power Factor Correction,Low,89.0,13.561976447735823,12.844108121574488,11.90423654015887,11.226725082146768,49.54,1.398,83.7,Low,0.07,25.94,0.0766
Electronics,Medium,95648,152547,25727,1616,76547,4424,110.9,50.42,4.33,5.71,171.36,1.79,4.37,5.78,Electricity,Natural Gas,185400,20,Power Factor Correction,High,72.5,4.970256161223747,6.27646985550573,3.3980582524271843,4.09821102592187,18.74,1.792,75.2,Low,0.07,12.0,0.0647
Automotive Parts,Small,75852,137619,13642,1531,41224,2126,100.05,26.74,4.1,2.74,133.63,1.76,3.71,5.16,Electricity,Natural Gas,114191,30,Compressed Air Optimization,Low,61.4,4.311642588320991,2.5893746885899347,3.1443071491615173,1.3873676524278935,11.43,1.762,75.85,Medium,0.12,16.04,0.1405
Pharmaceutical,Medium,105487,156279,21561,2812,92537,4652,113.61,42.26,7.54,6.0,169.41,1.61,3.66,5.03,Electricity,Natural Gas,286022,30,Power Factor Correction,Low,91.3,5.1347578001699645,5.0059167912306926,6.939541041482789,4.362906170135085,21.44,1.606,79.21,Medium,0.07,11.86,0.0415
Chemical,Large,236358,298605,47336,6556,191216,16563,217.09,92.78,17.57,21.37,348.81,1.48,3.4,8.66,Electricity,Natural Gas,576309,15,IE4 Motor,High,88.8,11.416170936020395,12.872135027404086,18.00529567519859,18.391748813435562,60.69,1.476,82.02,Medium,0.15,52.32,0.0908
Textile,Medium,129495,158780,28951,2226,101445,4933,115.43,56.74,5.97,6.36,184.5,1.42,3.55,4.86,Electricity,Natural Gas,182550,25,HVAC Optimization,High,70.9,5.245234915624621,7.260525660189337,5.207413945278023,4.691493245710113,22.4,1.425,83.12,Medium,0.1,18.45,0.1011
Automotive Parts,Small,26550,59792,14114,1127,64935,1359,43.47,27.66,3.02,1.75,75.9,2.86,7.78,2.09,Electricity,Natural Gas,147418,10,Smart Metering,High,68.4,0.8771397353405366,2.73262331838565,1.9527802294792587,0.48375319459656807,6.05,2.859,52.17,Low,0.05,3.8,0.0258
Steel,Small,94192,130281,7455,1515,92362,4103,94.71,14.61,4.06,5.29,118.67,1.26,2.26,4.44,Electricity,Natural Gas,83404,10,Solar Rooftop,Low,84.7,3.9874954473716153,0.7006726457399104,3.100176522506619,3.7148594377510045,11.5,1.26,86.68,Low,0.25,29.67,0.3557
Steel,Medium,116156,270947,39315,3989,151242,7045,196.98,77.06,10.69,9.09,293.82,2.53,5.89,4.66,Electricity,Natural Gas,181082,15,LED Lighting,Medium,75.4,10.195459511958235,10.424451918286,10.414827890556046,7.183278568820738,38.22,2.53,59.27,Low,0.08,23.51,0.1298
Leather,Large,212516,260974,47205,4319,130145,14635,189.73,92.52,11.57,18.88,312.7,1.47,3.55,11.25,Electricity,Natural Gas,553244,15,Compressed Air Optimization,Medium,74.9,9.755372101493261,12.831651718983556,11.385701676963814,16.119021540708285,50.09,1.471,82.13,Medium,0.12,37.52,0.0678
Food Processing,Large,277077,362357,38053,3410,128685,7487,263.43,74.58,9.14,9.66,356.81,1.29,2.74,5.82,Electricity,Natural Gas,379635,25,Power Factor Correction,Medium,65.3,14.229088260288938,10.038303437967116,8.70476610767873,7.703541438481197,40.68,1.288,86.08,Medium,0.07,24.98,0.0658
Textile,Medium,113480,143944,33741,2267,126225,3577,104.65,66.13,6.08,4.61,181.47,1.6,4.34,2.83,Electricity,Natural Gas,250001,15,Solar Rooftop,Low,64.6,4.590870462547044,8.72259591429995,5.328773168578993,3.0941949616648414,21.74,1.599,79.37,Low,0.25,45.37,0.1815
Electronics,Small,44155,40535,6769,862,59940,944,29.47,13.27,2.31,1.22,46.27,1.05,2.55,1.57,Electricity,Natural Gas,73147,35,HVAC Optimization,High,96.6,0.02731577030472255,0.4920279023418037,1.1694616063548102,0.0,1.69,1.048,91.26,Medium,0.1,4.63,0.0633
Electronics,Large,250256,359253,51456,5149,128059,10912,261.18,100.85,13.8,14.08,389.91,1.56,3.59,8.52,Electricity,Natural Gas,379544,30,Power Factor Correction,High,62.5,14.092509408765327,14.128674638764323,13.845984112974405,11.737860533041255,53.81,1.558,80.25,Medium,0.07,27.29,0.0719
Textile,Large,273062,318292,33080,4781,237471,8945,231.4,64.84,12.81,11.54,320.59,1.17,2.46,3.77,Electricity,Natural Gas,429676,30,Smart Metering,Low,98.0,12.284812431710574,8.521736422521178,12.753751103265667,9.419496166484116,42.98,1.174,88.54,Medium,0.05,16.03,0.0373
Glass,Large,318632,371226,55215,4606,279334,8141,269.88,108.22,12.34,10.5,400.94,1.26,2.97,2.91,Electricity,Natural Gas,512540,25,Energy Audit,Medium,70.9,14.620614301323295,15.276220727453909,12.23521624007061,8.470244614822928,50.6,1.258,86.73,Medium,0.1,40.09,0.0782
Metal Fabrication,Small,88156,127612,8452,1563,63541,1740,92.77,16.57,4.19,2.24,115.77,1.31,2.49,2.74,Electricity,Natural Gas,51754,10,VFD Installation,Low,64.8,3.8697341265023675,1.005854509217738,3.24360105913504,0.9309967141292446,9.05,1.313,85.54,Low,0.12,13.89,0.2684
Metal Fabrication,Medium,142581,245658,20670,2803,113421,5161,178.59,40.51,7.51,6.66,233.27,1.64,3.27,4.55,Electricity,Natural Gas,290029,10,VFD Installation,Medium,68.2,9.079155032171906,4.73343298455406,6.906443071491615,4.9653158086893034,25.68,1.636,78.57,Low,0.12,27.99,0.0965
Cement,Large,277896,567511,71840,7477,338653,15751,412.58,140.81,20.04,20.32,593.75,2.14,4.76,4.65,Electricity,Natural Gas,494368,20,Smart Metering,Medium,97.7,23.28274857350977,20.350647732934725,20.73036187113857,17.433369843008396,81.8,2.137,67.75,Medium,0.05,29.69,0.0601
Automotive Parts,Medium,93964,145452,31073,2686,115455,4307,105.74,60.9,7.2,5.56,179.4,1.91,5.0,3.73,Electricity,Natural Gas,180079,35,HVAC Optimization,Low,82.8,4.657035328396261,7.908258594917787,6.564430714916152,3.9612997444322744,23.09,1.909,72.67,Medium,0.1,17.94,0.0996
Steel,Small,54920,71175,17536,1681,74086,2582,51.74,34.37,4.51,3.33,93.95,1.71,4.64,3.49,Electricity,Natural Gas,136354,10,Energy Audit,Medium,65.8,1.3791428918295496,3.7774040857000495,3.5966460723742273,1.9258853596202996,10.68,1.711,76.95,Low,0.1,9.4,0.0689
Glass,Large,320260,392711,40529,6472,232383,12582,285.5,79.44,17.34,16.23,398.51,1.24,2.59,5.41,Electricity,Natural Gas,451745,20,IE4 Motor,Medium,63.6,15.568775039456112,10.795029895366218,17.75154457193292,13.700255567725447,57.82,1.244,87.03,Medium,0.15,59.78,0.1323
Plastics,Large,183794,465569,65754,6139,197605,9969,338.47,128.88,16.45,12.86,496.66,2.7,6.28,5.04,Electricity,Natural Gas,304778,20,Energy Audit,High,92.2,18.784144712880906,18.493086696562035,16.769638128861427,10.62431544359255,64.67,2.702,55.56,Medium,0.1,49.67,0.163
Plastics,Small,84562,56430,7223,1706,38504,3589,41.02,14.16,4.57,4.63,64.38,0.76,1.62,9.32,Electricity,Natural Gas,63664,20,Smart Metering,High,97.2,0.7284205414592693,0.6306053811659194,3.6628420123565757,3.112449799196787,8.13,0.761,97.45,Low,0.05,3.22,0.0506
Leather,Medium,85222,200992,24845,2694,110518,6126,146.12,48.7,7.22,7.9,209.94,2.46,5.43,5.54,Electricity,Natural Gas,232818,35,Compressed Air Optimization,High,80.7,7.108170450406702,6.008657199800698,6.586496028243601,6.097115735669953,25.8,2.463,60.72,Medium,0.12,25.19,0.1082
Ceramics,Medium,156702,180861,25632,2181,126000,4061,131.49,50.24,5.85,5.24,192.82,1.23,2.86,3.22,Electricity,Natural Gas,255881,35,VFD Installation,Medium,73.7,6.220104406944276,6.248442949676134,5.075022065313327,3.669222343921139,21.21,1.23,87.33,Medium,0.12,23.14,0.0904
Pharmaceutical,Large,321151,256775,36992,4926,200095,9603,186.68,72.5,13.2,12.39,284.77,0.89,2.03,4.8,Electricity,Natural Gas,588344,30,Solar Rooftop,Low,74.9,9.57023188053903,9.71443697060289,13.184024713150928,10.195326761591822,42.66,0.887,94.73,Medium,0.25,71.19,0.121
Food Processing,Small,60186,107004,12944,524,34638,1663,77.79,25.37,1.4,2.15,106.71,1.77,3.97,4.8,Electricity,Natural Gas,70757,15,LED Lighting,High,98.2,2.960422483914047,2.3760587942202296,0.16548984995586927,0.8488499452354874,6.35,1.773,75.61,Low,0.08,8.54,0.1207
Automotive Parts,Large,223094,283574,53174,6894,203953,8706,206.16,104.22,18.48,11.23,340.09,1.52,3.81,4.27,Electricity,Natural Gas,582140,15,Power Factor Correction,High,73.3,10.752701226174576,14.653400597907323,19.00926743159753,9.136546184738956,53.55,1.524,80.98,Medium,0.07,23.81,0.0409
Plastics,Medium,115596,161749,21889,2243,96912,4543,117.59,42.9,6.01,5.86,172.36,1.49,3.39,4.69,Electricity,Natural Gas,155977,10,Solar Rooftop,Medium,60.5,5.376350613087289,5.105568011958146,5.2515445719329215,4.235122307411465,19.97,1.491,81.7,Low,0.25,43.09,0.2763
Ceramics,Medium,139262,138553,24823,2161,131159,3610,100.73,48.65,5.79,4.66,159.83,1.15,2.85,2.75,Electricity,Natural Gas,202050,15,Compressed Air Optimization,High,81.8,4.352919752337016,6.0008719481813655,5.00882612533098,3.139832055494706,18.5,1.148,89.1,Low,0.12,19.18,0.0949
Leather,Small,24890,71360,9447,854,70835,1219,51.88,18.52,2.29,1.57,74.26,2.98,6.83,1.72,Electricity,Natural Gas,140853,15,Compressed Air Optimization,Low,89.8,1.387641131479908,1.309479322371699,1.1473962930273611,0.31945965680905447,4.16,2.984,49.47,Low,0.12,8.91,0.0633
Electronics,Large,176247,354535,32310,4295,197982,13126,257.75,63.33,11.51,16.93,349.52,1.98,3.97,6.63,Electricity,Natural Gas,377222,10,Smart Metering,Medium,99.8,13.884302537331553,8.28662182361734,11.319505736981466,14.339174881343556,47.83,1.983,71.08,Low,0.05,17.48,0.0463
Plastics,Small,60732,56288,16778,1629,47712,2138,40.92,32.88,4.37,2.76,80.93,1.33,3.82,4.48,Electricity,Natural Gas,51227,25,Compressed Air Optimization,High,93.4,0.722350370280442,3.5454035874439467,3.442188879082083,1.405622489959839,9.12,1.333,85.11,Medium,0.12,9.71,0.1895
Pharmaceutical,Medium,108660,219803,31430,3406,86486,6734,159.8,61.6,9.13,8.69,239.22,2.2,5.07,7.79,Electricity,Natural Gas,216332,30,Energy Audit,Medium,81.5,7.938569867670268,8.01725211758844,8.693733451015005,6.8181818181818175,31.47,2.202,66.35,Medium,0.1,23.92,0.1106
Plastics,Large,255600,253249,51551,5852,227766,10303,184.11,101.04,15.68,13.29,314.12,1.23,3.12,4.52,Electricity,Natural Gas,558294,20,Power Factor Correction,Medium,84.3,9.414228481243171,14.158258594917788,15.920123565754633,11.016794450529389,50.51,1.229,87.35,Medium,0.07,21.99,0.0394
Electronics,Medium,82857,146666,23502,2121,74441,3135,106.63,46.06,5.68,4.04,162.41,1.96,4.73,4.21,Electricity,Natural Gas,220675,20,Smart Metering,Low,89.5,4.711059851887823,5.5975959142999505,4.887466902030009,2.5739320920043816,17.77,1.96,71.57,Low,0.05,8.12,0.0368
Metal Fabrication,Small,25013,72136,11942,925,56740,3205,52.44,23.41,2.48,4.13,82.46,3.3,7.84,5.65,Electricity,Natural Gas,120199,20,IE4 Motor,High,96.0,1.42163409008134,2.0708769307424015,1.3570167696381288,2.656078860898138,7.51,3.297,42.72,Low,0.15,12.37,0.1029
Steel,Small,44819,98948,16178,1101,53173,4214,71.94,31.71,2.95,5.44,112.04,2.5,5.94,7.93,Electricity,Natural Gas,90396,15,IE4 Motor,Low,87.9,2.6053174699526527,3.3632286995515694,1.8755516328331865,3.851770719240599,11.7,2.5,59.92,Low,0.15,16.81,0.186
Textile,Large,267483,405590,41582,5884,136807,7429,294.86,81.5,15.77,9.58,401.71,1.5,3.18,5.43,Electricity,Natural Gas,347337,20,Energy Audit,Low,78.6,16.136943061794344,11.11578226208271,16.019417475728154,7.630522088353413,50.9,1.502,81.46,Medium,0.1,40.17,0.1157
Leather,Large,232345,397757,53924,4380,173777,14569,289.17,105.69,11.74,18.79,425.39,1.83,4.13,8.38,Electricity,Natural Gas,399487,25,HVAC Optimization,Medium,64.7,15.791550321719075,14.882286995515695,11.573256840247131,16.03687477181453,58.28,1.831,74.36,Medium,0.1,42.54,0.1065
Pharmaceutical,Medium,110646,141947,22399,2577,100911,4698,103.2,43.9,6.91,6.06,160.07,1.45,3.42,4.66,Electricity,Natural Gas,236144,35,Compressed Air Optimization,High,74.2,4.5028529804540485,5.261273044344793,6.244483671668138,4.417670682730924,20.43,1.447,82.65,Medium,0.12,19.21,0.0813
Electronics,Large,255726,280018,35693,4213,164766,10791,203.57,69.96,11.29,13.92,298.74,1.17,2.57,6.55,Electricity,Natural Gas,304497,35,IE4 Motor,High,80.0,10.595483792642952,9.318946188340806,11.076787290379523,11.591821832785687,42.58,1.168,88.67,Medium,0.15,44.81,0.1472
Automotive Parts,Medium,137597,194085,33298,2829,104157,4060,141.1,65.26,7.58,5.24,219.18,1.59,3.93,3.9,Electricity,Natural Gas,262949,30,Smart Metering,Low,65.0,6.803447857229574,8.587132536123567,6.983671668137688,3.669222343921139,26.04,1.593,79.49,Medium,0.05,10.96,0.0417
Food Processing,Medium,105415,156139,24482,2017,90363,5188,113.51,47.98,5.41,6.69,173.59,1.65,3.9,5.74,Electricity,Natural Gas,243870,25,VFD Installation,Medium,70.8,5.128687628991138,5.896549576482311,4.5895851721094445,4.992698064987222,20.61,1.647,78.33,Medium,0.12,20.83,0.0854
Leather,Small,23166,107911,13295,766,61889,2525,78.45,26.06,2.05,3.26,109.82,4.74,10.56,4.08,Electricity,Natural Gas,72132,20,IE4 Motor,High,78.3,3.0004856136943063,2.483495266567015,0.8826125330979697,1.8619934282584885,8.23,4.741,11.55,Low,0.15,16.47,0.2283
Leather,Medium,112896,149969,21637,2404,88082,6015,109.03,42.41,6.44,7.76,165.64,1.47,3.35,6.83,Electricity,Natural Gas,297588,35,Solar Rooftop,Medium,62.3,4.856743960179677,5.029272546088689,5.725948808473081,5.969331872946331,21.58,1.467,82.21,Medium,0.25,41.41,0.1392
Electronics,Small,69048,45948,8065,1247,59481,1372,33.4,15.81,3.34,1.77,54.32,0.79,1.92,2.31,Electricity,Natural Gas,132216,30,LED Lighting,Low,66.3,0.2658734976326332,0.8875186846038866,2.3058252427184462,0.5020080321285141,3.96,0.787,96.89,Medium,0.08,4.35,0.0329
Glass,Medium,141316,155412,21076,2506,108609,4042,112.98,41.31,6.72,5.21,166.22,1.18,2.68,3.72,Electricity,Natural Gas,231925,15,LED Lighting,High,71.9,5.096515721743353,4.857997010463379,6.03486319505737,3.64184008762322,19.63,1.176,88.5,Low,0.08,13.3,0.0573
Leather,Small,39002,98449,7047,1248,37159,1444,71.57,13.81,3.34,1.86,90.58,2.32,4.49,3.89,Electricity,Natural Gas,140376,10,IE4 Motor,High,73.1,2.5828578365909913,0.5761086198305931,2.3058252427184462,0.584154801022271,6.05,2.322,63.76,Low,0.15,13.59,0.0968
Metal Fabrication,Large,284982,289131,66073,5069,292261,17341,210.2,129.5,13.58,22.37,375.65,1.32,3.42,5.93,Electricity,Natural Gas,348361,20,Power Factor Correction,Low,99.1,10.997936141799197,18.589623816641755,13.603265666372463,19.30449069003286,62.5,1.318,85.43,Medium,0.07,26.3,0.0755
Pharmaceutical,Large,184407,382689,45898,4994,207276,11539,278.21,89.96,13.38,14.89,396.44,2.15,4.7,5.57,Electricity,Natural Gas,511517,25,LED Lighting,High,92.9,15.126259560519603,12.433046836073741,13.382612533097971,12.477181453085068,53.42,2.15,67.47,Medium,0.08,31.72,0.062
Pharmaceutical,Small,50075,45189,13617,1131,52638,2325,32.85,26.69,3.03,3.0,65.57,1.31,3.73,4.42,Electricity,Natural Gas,147539,15,HVAC Optimization,High,73.1,0.23248755614908348,2.5815894369706034,1.963812886142983,1.624680540343191,6.4,1.309,85.62,Low,0.1,6.56,0.0445
Steel,Medium,169831,251186,22293,4178,116110,4427,182.61,43.69,11.2,5.71,243.21,1.43,2.91,3.81,Electricity,Natural Gas,216365,30,Compressed Air Optimization,Low,69.8,9.323175913560762,5.228574987543597,10.977493380406,4.09821102592187,29.63,1.432,82.97,Medium,0.12,29.19,0.1349
Glass,Small,26412,83281,10502,1098,73130,1539,60.55,20.58,2.94,1.99,86.06,3.26,7.34,2.1,Electricity,Natural Gas,135371,25,IE4 Motor,Low,68.1,1.9139249726842296,1.6302316890881912,1.8645189761694616,0.7028112449799196,6.11,3.258,43.56,Medium,0.15,12.91,0.0954
Textile,Small,38974,86400,6709,1086,50274,3024,62.81,13.15,2.91,3.9,82.77,2.12,4.08,6.02,Electricity,Natural Gas,62932,20,Power Factor Correction,High,78.4,2.0511108413257255,0.47334329845540624,1.8314210061782878,2.446148229280759,6.8,2.124,68.03,Low,0.07,5.79,0.092
Plastics,Medium,179796,188294,25589,3277,131677,6673,136.89,50.15,8.78,8.61,204.43,1.14,2.56,5.07,Electricity,Natural Gas,285508,30,Energy Audit,Medium,73.1,6.547893650600946,6.234429496761336,8.307590467784642,6.745162468054033,27.84,1.137,89.34,Medium,0.1,20.44,0.0716
Automotive Parts,Medium,113943,216606,32475,3336,115379,6332,157.47,63.65,8.94,8.17,238.23,2.09,4.9,5.49,Electricity,Natural Gas,271588,30,Power Factor Correction,High,95.0,7.7971348792035915,8.336447433981066,8.484112974404235,6.3435560423512225,30.96,2.091,68.75,Medium,0.07,16.68,0.0614
Ceramics,Small,26780,125013,8738,1144,47825,1246,90.88,17.13,3.07,1.61,112.69,4.21,8.14,2.61,Electricity,Natural Gas,116882,30,Solar Rooftop,Low,81.1,3.755007891222532,1.0930493273542599,2.0079435127978815,0.35596933187294644,7.21,4.208,23.05,Medium,0.25,28.17,0.241
Metal Fabrication,Small,38952,135190,10212,1550,79702,1353,98.28,20.02,4.15,1.75,124.2,3.19,6.29,1.7,Electricity,Natural Gas,55970,30,HVAC Optimization,Low,61.0,4.2042005584557485,1.543036870951669,3.1994704324801413,0.48375319459656807,9.43,3.189,45.05,Medium,0.1,12.42,0.2219
Cement,Small,66688,128241,20044,2045,89394,2618,93.23,39.29,5.48,3.38,141.38,2.12,5.08,2.93,Electricity,Natural Gas,144994,25,HVAC Optimization,Low,64.0,3.897656913924973,4.543472845042352,4.666813768755517,1.9715224534501645,15.08,2.12,68.12,Medium,0.1,14.14,0.0975
Paper & Pulp,Small,38716,97443,9151,1399,55294,2387,70.84,17.94,3.75,3.08,95.61,2.47,5.06,4.32,Electricity,Natural Gas,61185,30,HVAC Optimization,Low,72.6,2.538545586985553,1.2191704035874442,2.758164165931156,1.6976998904709748,8.21,2.47,60.57,Medium,0.1,9.56,0.1562
Automotive Parts,Medium,160794,225143,19354,2975,128210,6764,163.68,37.93,7.97,8.73,218.31,1.36,2.7,5.28,Electricity,Natural Gas,195929,30,IE4 Motor,Low,89.4,8.174092509408764,4.331714000996512,7.413945278022947,6.854691493245711,26.77,1.358,84.57,Medium,0.15,32.75,0.1672
Cement,Small,87714,163422,20167,2113,82552,1882,118.81,39.53,5.66,2.43,166.43,1.9,4.28,2.28,Electricity,Natural Gas,72704,20,IE4 Motor,High,71.1,5.450406701468982,4.580842052815147,4.865401588702559,1.1044176706827311,16.0,1.897,72.93,Low,0.15,24.96,0.3433
Food Processing,Medium,106710,151379,17482,2165,91872,4033,110.05,34.26,5.8,5.2,155.31,1.46,3.16,4.39,Electricity,Natural Gas,269297,30,HVAC Optimization,High,78.3,4.918659706203714,3.7602765321375187,5.019858781994705,3.632712668857248,17.33,1.455,82.47,Medium,0.1,15.53,0.0577
Cement,Small,95308,121543,12067,1303,98557,3184,88.36,23.65,3.49,4.11,119.61,1.25,2.61,3.23,Electricity,Natural Gas,142469,35,HVAC Optimization,Low,69.2,3.602039577516086,2.1082461385151965,2.471315092674316,2.6378240233661923,10.82,1.255,86.79,Medium,0.1,11.96,0.0839
Electronics,Medium,124476,126652,16943,1658,87997,4453,92.08,33.21,4.44,5.74,135.47,1.09,2.45,5.06,Electricity,Natural Gas,243687,10,Compressed Air Optimization,Low,79.2,3.827849945368459,3.59678624813154,3.5194174757281558,4.125593282219789,15.07,1.088,90.39,Low,0.12,16.26,0.0667
Paper & Pulp,Medium,183288,178895,24135,2665,111460,4071,130.06,47.3,7.14,5.25,189.75,1.04,2.37,3.65,Electricity,Natural Gas,219472,25,HVAC Optimization,Medium,91.9,6.133300959087046,5.7906701544593915,6.498234774933803,3.6783497626871124,22.1,1.035,91.54,Medium,0.1,18.98,0.0865
Plastics,Small,33090,52370,11434,1216,39219,1819,38.07,22.41,3.26,2.35,66.09,2.0,5.22,4.64,Electricity,Natural Gas,87827,10,LED Lighting,High,95.5,0.5493504916838655,1.9151718983557549,2.2175639894086494,1.0313983205549473,5.71,1.997,70.77,Low,0.08,5.29,0.0602
Electronics,Medium,130291,163725,18942,2278,105579,3961,119.03,37.13,6.11,5.11,167.38,1.28,2.8,3.75,Electricity,Natural Gas,224986,30,Power Factor Correction,Medium,96.8,5.463761078062401,4.207149975087195,5.361871138570168,3.5505658999634906,18.58,1.285,86.14,Medium,0.07,11.72,0.0521
Ceramics,Medium,115495,205883,27475,1783,117663,5189,149.68,53.85,4.78,6.69,215.0,1.86,4.24,4.41,Electricity,Natural Gas,184933,35,Solar Rooftop,Medium,76.9,7.324268544372951,6.810538116591928,3.894527802294793,4.992698064987222,23.02,1.862,73.69,Medium,0.25,53.75,0.2906
Metal Fabrication,Medium,166660,229078,36149,2009,129628,4439,166.54,70.85,5.38,5.73,248.5,1.49,3.6,3.42,Electricity,Natural Gas,196322,30,Solar Rooftop,High,62.2,8.347699405123223,9.45752366716492,4.55648720211827,4.116465863453816,26.48,1.491,81.7,Medium,0.25,62.12,0.3164
Metal Fabrication,Small,44106,101324,12325,645,61472,3205,73.66,24.16,1.73,4.13,103.68,2.35,5.16,5.21,Electricity,Natural Gas,86601,10,Energy Audit,Medium,72.7,2.7097244142284813,2.1876557050323866,0.5295675198587819,2.656078860898138,8.08,2.351,63.13,Low,0.1,10.37,0.1197
Leather,Small,59325,45853,12953,1203,59872,2822,33.34,25.39,3.22,3.64,65.59,1.11,3.06,4.71,Electricity,Natural Gas,99666,20,Compressed Air Optimization,Low,85.3,0.2622313949253371,2.3791728948679625,2.173433362753751,2.208835341365462,7.02,1.106,90.01,Low,0.12,7.87,0.079
Chemical,Medium,102686,181868,33290,2105,116304,6188,132.22,65.25,5.64,7.98,211.09,2.06,5.12,5.32,Electricity,Natural Gas,165106,15,LED Lighting,Medium,80.1,6.264416656549715,8.585575485799701,4.84333627537511,6.170135085797737,25.86,2.056,69.5,Low,0.08,16.89,0.1023
Pharmaceutical,Large,284607,361133,61722,3401,161507,15038,262.54,120.98,9.11,19.4,412.03,1.45,3.5,9.31,Electricity,Natural Gas,445518,20,VFD Installation,Medium,74.6,14.175063736797377,17.263016940707523,8.671668137687554,16.59364731653888,56.7,1.448,82.62,Medium,0.12,49.44,0.111
Food Processing,Large,216587,341207,41225,3045,146089,7909,248.06,80.8,8.16,10.2,347.22,1.6,3.55,5.41,Electricity,Natural Gas,320864,20,IE4 Motor,Low,72.7,13.296102950103192,11.006788739412057,7.623565754633716,8.196422051843737,40.12,1.603,79.28,Low,0.15,52.08,0.1623
Metal Fabrication,Medium,113891,262026,37627,2060,124678,6291,190.49,73.75,5.52,8.12,277.88,2.44,5.69,5.05,Electricity,Natural Gas,209652,35,Energy Audit,High,75.1,9.80150540245235,9.9090682610862,4.710944395410414,6.297918948521357,30.72,2.44,61.21,Medium,0.1,27.79,0.1326
Pharmaceutical,Medium,124875,188701,31722,2381,98971,4892,137.19,62.18,6.38,6.31,212.06,1.7,4.15,4.94,Electricity,Natural Gas,191764,30,Energy Audit,High,86.6,6.566104164137429,8.107561036372696,5.659752868490733,4.645856151880248,24.98,1.698,77.23,Medium,0.1,21.21,0.1106
Cement,Small,80629,123197,15734,824,94899,3624,89.56,30.84,2.21,4.67,127.28,1.58,3.53,3.82,Electricity,Natural Gas,95248,25,Smart Metering,Medium,73.4,3.674881631662013,3.2277653213751867,1.0591350397175638,3.1489594742606792,11.11,1.579,79.8,Medium,0.05,6.36,0.0668
Ceramics,Medium,145113,197459,21525,2045,95870,3372,143.55,42.19,5.48,4.35,195.57,1.35,2.91,3.52,Electricity,Natural Gas,287660,10,Smart Metering,Medium,80.3,6.952167051110841,4.995017438963627,4.666813768755517,2.8568820737495435,19.47,1.348,84.78,Low,0.05,9.78,0.034
Paper & Pulp,Medium,111177,222747,38237,2240,134379,4966,161.94,74.94,6.0,6.41,249.29,2.24,5.54,3.7,Electricity,Natural Gas,197479,10,LED Lighting,High,86.1,8.06847153089717,10.094357249626308,5.240511915269197,4.737130339539979,28.14,2.242,65.49,Low,0.08,19.94,0.101
Glass,Medium,128774,234518,22421,2866,126212,5349,170.49,43.95,7.68,6.9,229.02,1.78,3.67,4.24,Electricity,Natural Gas,197428,15,Solar Rooftop,Medium,85.0,8.5874711666869,5.269058295964126,7.093998234774933,5.184373859072655,26.13,1.778,75.5,Low,0.25,57.26,0.29
Metal Fabrication,Small,38622,135428,7314,1638,39900,2086,98.46,14.34,4.39,2.69,119.88,3.1,5.61,5.23,Electricity,Natural Gas,127029,25,LED Lighting,High,89.9,4.215126866577637,0.6586322869955158,3.464254192409532,1.3417305585980284,9.68,3.104,46.88,Medium,0.08,9.59,0.0755
Glass,Medium,148822,223459,27880,2888,125414,7187,162.45,54.64,7.74,9.27,234.1,1.57,3.47,5.73,Electricity,Natural Gas,170588,15,IE4 Motor,Medium,73.1,8.09942940390919,6.933545092177379,7.160194174757281,7.34757210660825,29.54,1.573,79.93,Low,0.15,35.11,0.2058
Automotive Parts,Medium,150555,215087,29568,2710,125873,6237,156.37,57.95,7.26,8.05,229.63,1.53,3.48,4.95,Electricity,Natural Gas,247205,25,Power Factor Correction,Medium,95.4,7.730362996236494,7.44892874937718,6.6306266548985,6.234027017159548,28.04,1.525,80.96,Medium,0.07,16.07,0.065
Chemical,Small,87051,136616,12675,915,65516,2207,99.32,24.84,2.45,2.85,129.46,1.49,3.08,3.37,Electricity,Natural Gas,80696,25,Energy Audit,High,92.4,4.267330338715551,2.2935351270553066,1.3239187996469552,1.4877692588535962,9.37,1.487,81.78,Medium,0.1,12.95,0.1605
Ceramics,Medium,159541,214106,17269,1993,116090,6447,155.66,33.85,5.34,8.32,203.17,1.27,2.49,5.55,Electricity,Natural Gas,220042,35,IE4 Motor,Low,76.4,7.687264780866821,3.696437468858994,4.512356575463372,6.480467323840817,22.38,1.273,86.4,Medium,0.15,30.48,0.1385
Chemical,Medium,166020,221281,26668,2740,143486,6633,160.87,52.27,7.34,8.56,229.04,1.38,3.02,4.62,Electricity,Natural Gas,270587,35,Power Factor Correction,Low,82.1,8.003520699283719,6.564524165421027,6.718887908208296,6.69952537422417,27.99,1.38,84.09,Medium,0.07,16.03,0.0592
Cement,Large,293997,379278,67720,6296,223905,12274,275.74,132.73,16.87,15.83,441.17,1.5,3.7,5.48,Electricity,Natural Gas,544413,10,Smart Metering,Medium,87.4,14.976326332402573,19.09255107125062,17.233009708737864,13.335158817086526,64.64,1.501,81.48,Medium,0.05,22.06,0.0405
Chemical,Small,67634,55445,17557,1290,65779,3465,40.31,34.41,3.46,4.47,82.65,1.22,3.51,5.27,Electricity,Natural Gas,91026,10,HVAC Optimization,Low,80.5,0.6853223260895959,3.7836322869955157,2.4382171226831417,2.9664110989412196,9.87,1.222,87.5,Low,0.1,8.26,0.0907
Ceramics,Large,247655,408714,36826,6611,140523,15822,297.14,72.18,17.72,20.41,407.45,1.65,3.27,11.26,Electricity,Natural Gas,399760,35,LED Lighting,Low,70.2,16.2753429646716,9.664611360239164,18.170785525154457,17.515516611902154,61.63,1.645,78.37,Medium,0.08,32.6,0.0815
Ceramics,Large,269571,273340,60186,6109,238446,16807,198.72,117.96,16.37,21.68,354.73,1.32,3.36,7.05,Electricity,Natural Gas,551237,35,VFD Installation,Low,79.7,10.30108049046983,16.79278774289985,16.681376875551635,18.67469879518072,62.45,1.316,85.47,Medium,0.12,42.57,0.0772
Pharmaceutical,Medium,132566,128726,27594,2378,111267,5992,93.58,54.08,6.37,7.73,161.76,1.22,3.14,5.39,Electricity,Natural Gas,237897,35,IE4 Motor,Low,97.4,3.918902513050868,6.846350274040856,5.648720211827008,5.941949616648412,22.36,1.22,87.55,Medium,0.15,24.26,0.102
Plastics,Small,34112,90275,11487,1788,59547,3127,65.63,22.51,4.79,4.03,96.96,2.84,6.28,5.25,Electricity,Natural Gas,67443,15,HVAC Optimization,High,74.8,2.2222896685686533,1.9307424015944197,3.9055604589585173,2.5648046732384087,10.62,2.842,52.54,Low,0.1,9.7,0.1438
Ceramics,Small,34535,123715,8301,863,48677,2550,89.94,16.27,2.31,3.29,111.81,3.24,6.11,5.24,Electricity,Natural Gas,79234,25,LED Lighting,High,68.6,3.697948282141556,0.9591429995017439,1.1694616063548102,1.8893756845564078,7.72,3.238,43.99,Medium,0.08,8.94,0.1128
Chemical,Small,85706,66159,18133,1084,80833,3080,48.1,35.54,2.91,3.97,90.52,1.06,2.95,3.81,Electricity,Natural Gas,69047,35,Solar Rooftop,High,65.8,1.158188660920238,3.9595789735924267,1.8314210061782878,2.5100401606425704,9.46,1.056,91.09,Medium,0.25,22.63,0.3277
Electronics,Large,227376,257757,51186,4422,111655,13898,187.39,100.32,11.85,17.93,317.49,1.4,3.48,12.45,Electricity,Natural Gas,302485,15,Solar Rooftop,High,91.5,9.613330095908703,14.046150971599399,11.694616063548102,15.251916757940856,50.61,1.396,83.75,Medium,0.25,79.37,0.2624
Electronics,Medium,97363,117296,24457,2307,68902,4654,85.27,47.94,6.18,6.0,145.39,1.49,3.84,6.75,Electricity,Natural Gas,234914,35,VFD Installation,Low,87.4,3.414471288090324,5.890321375186846,5.43909973521624,4.362906170135085,19.11,1.493,81.65,Medium,0.12,17.45,0.0743
Leather,Small,24499,95554,13414,1313,54130,1408,69.47,26.29,3.52,1.82,101.1,4.13,9.64,2.6,Electricity,Natural Gas,50221,20,Smart Metering,Low,64.6,2.45538424183562,2.519307424015944,2.50441306266549,0.547645125958379,8.03,4.127,24.8,Low,0.05,5.06,0.1008
Automotive Parts,Small,46051,131038,15604,1514,42479,2544,95.26,30.58,4.06,3.28,133.18,2.89,6.4,5.99,Electricity,Natural Gas,59665,35,VFD Installation,Low,93.6,4.020881388855166,3.1872820129546584,3.100176522506619,1.880248265790434,12.19,2.892,51.46,Medium,0.12,15.98,0.2678
Textile,Large,244724,410462,33203,3572,135082,10201,298.41,65.08,9.57,13.16,386.22,1.58,3.11,7.55,Electricity,Natural Gas,486873,25,Smart Metering,Medium,81.1,16.35243413864271,8.55910563029397,9.179170344218889,10.89813800657174,44.99,1.578,79.82,Medium,0.05,19.31,0.0397
Automotive Parts,Medium,163723,167943,21808,3183,87807,3771,122.09,42.74,8.53,4.86,178.22,1.09,2.45,4.29,Electricity,Natural Gas,212975,15,Energy Audit,High,83.2,5.649508316134515,5.080655206776283,8.031774051191526,3.322380430814166,22.08,1.089,90.37,Low,0.1,17.82,0.0837
Pharmaceutical,Medium,105626,160852,20945,2915,92697,4338,116.94,41.05,7.81,5.6,171.4,1.62,3.64,4.68,Electricity,Natural Gas,298519,30,Smart Metering,Low,82.5,5.336894500424911,4.81751370204285,7.237422771403354,3.9978094194961664,21.39,1.623,78.85,Medium,0.05,8.57,0.0287
Metal Fabrication,Small,35575,114460,14056,1256,80296,2394,83.21,27.55,3.37,3.09,117.22,3.3,7.35,2.98,Electricity,Natural Gas,117183,30,Energy Audit,Low,73.5,3.2894257618064824,2.7154957648231193,2.3389232127096204,1.7068273092369475,10.05,3.295,42.76,Medium,0.1,11.72,0.1
Pharmaceutical,Medium,134858,157078,20265,2315,98216,5855,114.2,39.72,6.2,7.55,167.67,1.24,2.75,5.96,Electricity,Natural Gas,235961,35,IE4 Motor,High,75.6,5.170571810125046,4.61042600896861,5.461165048543689,5.777656078860898,21.02,1.243,87.05,Medium,0.15,25.15,0.1066
Textile,Medium,123410,213876,23109,2645,126915,4022,155.49,45.29,7.09,5.19,213.06,1.73,3.71,3.17,Electricity,Natural Gas,249225,20,Power Factor Correction,High,96.4,7.676945489862814,5.477703039362232,6.44307149161518,3.6235852500912746,23.22,1.726,76.62,Low,0.07,14.91,0.0598
Cement,Medium,155011,223118,32765,2687,155283,5823,162.21,64.22,7.2,7.51,241.14,1.56,3.64,3.75,Electricity,Natural Gas,185869,25,LED Lighting,Medium,95.4,8.084860993080003,8.425199302441456,6.564430714916152,5.741146403797006,28.82,1.556,80.29,Medium,0.08,19.29,0.1038
Cement,Small,30772,71069,17584,901,61500,4152,51.67,34.46,2.41,5.36,93.9,3.05,8.17,6.75,Electricity,Natural Gas,103018,15,VFD Installation,Medium,71.0,1.3748937720043706,3.7914175386148483,1.2797881729920566,3.7787513691128156,10.22,3.051,48.03,Low,0.12,11.27,0.1094
Leather,Large,179054,250660,52312,6184,156876,7326,182.23,102.53,16.57,9.45,310.78,1.74,4.49,4.67,Electricity,Natural Gas,311878,20,HVAC Optimization,High,76.5,9.300109263081218,14.39025909317389,16.902030008826124,7.511865644395764,48.1,1.736,76.41,Low,0.1,31.08,0.0997
Chemical,Medium,151670,225866,19597,1919,136773,6172,164.2,38.41,5.14,7.96,215.71,1.42,2.84,4.51,Electricity,Natural Gas,294806,10,Compressed Air Optimization,Low,98.5,8.205657399538666,4.406452416542102,4.2917034421888784,6.15188024826579,23.06,1.422,83.19,Low,0.12,25.89,0.0878
Chemical,Large,317590,320720,71213,6374,252616,13926,233.16,139.58,17.08,17.96,407.78,1.28,3.35,5.51,Electricity,Natural Gas,596928,35,VFD Installation,Low,71.5,12.39164744445793,20.159130543099156,17.46469549867608,15.279299014238775,65.29,1.284,86.16,Medium,0.12,48.93,0.082
Paper & Pulp,Large,206568,339956,75952,7210,184033,19763,247.15,148.87,19.32,25.49,440.83,2.13,5.5,10.74,Electricity,Natural Gas,361384,20,LED Lighting,Low,85.1,13.240864392375865,21.6056302939711,19.9360105913504,22.15224534501643,76.93,2.134,67.82,Medium,0.08,35.27,0.0976
Ceramics,Small,25229,93937,11716,1290,78847,2239,68.29,22.96,3.46,2.89,97.6,3.87,8.62,2.84,Electricity,Natural Gas,117222,10,Compressed Air Optimization,Medium,70.9,2.3837562219254584,2.0008096661684105,2.4382171226831417,1.5242789339174883,8.35,3.869,30.37,Low,0.12,11.71,0.0999
Chemical,Large,359185,300662,57641,7072,278415,15703,218.58,112.98,18.95,20.26,370.77,1.03,2.54,5.64,Electricity,Natural Gas,347786,35,Energy Audit,High,74.0,11.506616486584921,16.01737668161435,19.527802294792586,17.37860533041256,64.43,1.032,91.6,Medium,0.1,37.08,0.1066
Automotive Parts,Large,225319,257144,64695,6581,262599,12923,186.94,126.8,17.64,16.67,348.05,1.54,4.16,4.92,Electricity,Natural Gas,420847,20,IE4 Motor,Low,80.3,9.586014325603982,18.16922022919781,18.08252427184466,14.101861993428258,59.94,1.545,80.53,Medium,0.15,52.21,0.1241
Plastics,Small,69656,93130,9515,1821,59331,2065,67.71,18.65,4.88,2.66,93.9,1.35,2.83,3.48,Electricity,Natural Gas,146047,20,Smart Metering,Low,78.8,2.34854922908826,1.3297209765819629,4.004854368932039,1.3143483023001097,9.0,1.348,84.78,Low,0.05,4.7,0.0322
Paper & Pulp,Medium,157116,183235,19296,1957,147260,4061,133.21,37.82,5.24,5.24,181.51,1.16,2.46,2.76,Electricity,Natural Gas,162616,30,Solar Rooftop,Medium,87.3,6.324511351220105,4.314586447433981,4.4020300088261255,3.669222343921139,18.71,1.155,88.95,Medium,0.25,45.38,0.2791
Plastics,Large,309966,316907,56712,5190,292864,11234,230.39,111.16,13.91,14.49,369.95,1.19,2.94,3.84,Electricity,Natural Gas,409538,30,IE4 Motor,High,73.9,12.223503702804416,15.733993522670653,13.967343336275375,12.112084702446149,54.04,1.194,88.11,Medium,0.15,55.49,0.1355
Metal Fabrication,Medium,176165,164880,22540,2506,126450,5942,119.87,44.18,6.72,7.67,178.44,1.01,2.29,4.7,Electricity,Natural Gas,267122,30,VFD Installation,Medium,82.1,5.5147505159645505,5.304870453413054,6.03486319505737,5.887185104052574,22.74,1.013,92.01,Medium,0.12,21.41,0.0802
Pharmaceutical,Medium,129899,191975,26064,2869,126704,3443,139.57,51.09,7.69,4.44,202.79,1.56,3.59,2.72,Electricity,Natural Gas,279997,25,IE4 Motor,Low,99.4,6.710574238193516,6.3807922272047835,7.105030891438659,2.939028842643301,23.14,1.561,80.19,Medium,0.15,30.42,0.1086
Chemical,Large,280555,302286,42022,6192,225111,9617,219.76,82.36,16.59,12.41,331.12,1.18,2.69,4.27,Electricity,Natural Gas,402344,25,Energy Audit,Medium,85.4,11.578244506495082,11.249688589935227,16.924095322153573,10.213581599123767,49.97,1.18,88.41,Medium,0.1,33.11,0.0823
Paper & Pulp,Small,97360,82074,18166,1435,54538,1638,59.67,35.61,3.85,2.11,101.24,1.04,2.78,3.0,Electricity,Natural Gas,118373,25,Power Factor Correction,Low,90.3,1.86050746631055,3.970478325859492,2.8684907325684024,0.8123402701715955,9.51,1.04,91.43,Medium,0.07,7.09,0.0599
Electronics,Small,57249,44887,10481,467,62907,1810,32.63,20.54,1.25,2.33,56.75,0.99,2.66,2.88,Electricity,Natural Gas,87841,30,HVAC Optimization,High,99.7,0.21913317955566367,1.6240034877927256,0.0,1.013143483023001,2.86,0.991,92.49,Medium,0.1,5.68,0.0647
Chemical,Small,48787,122210,12262,1443,42458,1820,88.85,24.03,3.87,2.35,119.1,2.44,5.17,4.29,Electricity,Natural Gas,82440,20,Energy Audit,Medium,98.8,3.631783416292339,2.167414050822123,2.8905560458958517,1.0313983205549473,9.72,2.441,61.19,Low,0.1,11.91,0.1445
Metal Fabrication,Medium,124315,158961,23192,3312,133955,6527,115.56,45.46,8.88,8.42,178.32,1.43,3.28,4.87,Electricity,Natural Gas,179509,30,IE4 Motor,Low,76.9,5.2531261381570955,5.5041728948679625,8.41791703442189,6.571741511500548,25.75,1.434,82.93,Medium,0.15,26.75,0.149
Cement,Small,42480,114622,19333,1671,78583,3532,83.33,37.89,4.48,4.56,130.26,3.07,7.45,4.49,Electricity,Natural Gas,105216,35,LED Lighting,Medium,84.2,3.296709967221076,4.325485799701047,3.5635481023830544,3.048557867834976,14.23,3.066,47.7,Medium,0.08,10.42,0.099
Cement,Small,57909,148606,8444,1631,94269,3770,108.04,16.55,4.37,4.86,133.82,2.31,4.17,4.0,Electricity,Natural Gas,59999,30,IE4 Motor,Medium,92.2,4.796649265509288,1.0027404085700051,3.442188879082083,3.322380430814166,12.56,2.311,64.0,Medium,0.15,20.07,0.3345
Steel,Medium,133411,208666,24390,2606,105274,4821,151.7,47.8,6.98,6.22,212.7,1.59,3.49,4.58,Electricity,Natural Gas,190878,20,Power Factor Correction,Low,80.0,7.44688600218526,5.868522670652715,6.32171226831421,4.563709382986492,24.2,1.594,79.47,Low,0.07,14.89,0.078
Plastics,Large,353084,440834,60029,5533,239476,11133,320.49,117.66,14.83,14.36,467.34,1.32,3.03,4.65,Electricity,Natural Gas,408427,15,Smart Metering,Medium,92.1,17.692727934927767,16.746076233183857,14.98234774933804,11.993428258488498,61.41,1.324,85.3,Medium,0.05,23.37,0.0572
Leather,Large,238898,238287,39955,5998,227959,14383,173.23,78.31,16.07,18.55,286.16,1.2,2.8,6.31,Electricity,Natural Gas,392427,25,HVAC Optimization,Low,65.5,8.753793856986764,10.619083208769307,16.350397175639895,15.81781672143118,51.54,1.198,88.02,Medium,0.1,28.62,0.0729
Steel,Medium,197584,238711,21265,4063,123659,6603,173.54,41.68,10.89,8.52,234.63,1.19,2.39,5.34,Electricity,Natural Gas,171313,35,Power Factor Correction,Low,86.8,8.77261138764113,4.915607872446437,10.635481023830538,6.663015699160277,30.99,1.187,88.26,Medium,0.07,16.42,0.0958
Automotive Parts,Medium,127203,201164,31723,2080,109890,4270,146.25,62.18,5.57,5.51,219.51,1.73,4.16,3.89,Electricity,Natural Gas,243824,10,IE4 Motor,High,87.0,7.116061672939177,8.107561036372696,4.766107678729038,3.91566265060241,23.91,1.726,76.62,Low,0.15,32.93,0.1351
Food Processing,Large,268905,384212,42533,4480,215097,8197,279.32,83.36,12.01,10.57,385.26,1.43,3.09,3.81,Electricity,Natural Gas,375278,35,IE4 Motor,High,67.4,15.193638460604586,11.405393622321872,11.871138570167696,8.534136546184738,47.0,1.433,82.95,Medium,0.15,57.79,0.154
Ceramics,Small,33616,113606,9305,1350,57865,1681,82.59,18.24,3.62,2.17,106.62,3.17,6.35,2.91,Electricity,Natural Gas,142570,30,Power Factor Correction,Medium,91.3,3.2517907004977546,1.2658819133034378,2.6147396293027363,0.8671047827674333,8.0,3.172,45.41,Medium,0.07,7.46,0.0523
Cement,Medium,216235,183179,43146,2907,177498,5779,133.17,84.57,7.79,7.45,232.98,1.08,2.91,3.26,Electricity,Natural Gas,271338,15,Energy Audit,Low,76.7,6.322083282748572,11.593796711509714,7.215357458075905,5.686381891201169,30.82,1.077,90.63,Low,0.1,23.3,0.0859
Steel,Medium,112424,178001,26156,3895,114492,5968,129.41,51.27,10.44,7.7,198.82,1.77,4.08,5.21,Electricity,Natural Gas,170804,15,LED Lighting,High,67.7,6.093844846424669,6.408819133034379,10.13901147396293,5.914567360350493,28.56,1.768,75.72,Low,0.08,15.91,0.0931
Food Processing,Small,39004,78712,14129,755,58151,1336,57.22,27.69,2.02,1.72,88.65,2.27,5.74,2.3,Electricity,Natural Gas,67928,20,LED Lighting,Medium,82.1,1.7117882724292826,2.73729446935725,0.8495145631067961,0.45637093829864916,5.75,2.273,64.82,Low,0.08,7.09,0.1044
Electronics,Small,45670,80706,11513,913,60229,1150,58.67,22.57,2.45,1.48,85.17,1.86,4.39,1.91,Electricity,Natural Gas,93133,15,IE4 Motor,High,78.4,1.7998057545222774,1.9400847035376183,1.3239187996469552,0.23731288791529756,5.3,1.865,73.62,Low,0.15,12.78,0.1372
Metal Fabrication,Small,36996,96939,7299,858,78967,1607,70.47,14.31,2.3,2.07,89.15,2.41,4.71,2.04,Electricity,Natural Gas,62404,15,LED Lighting,High,92.9,2.516085953623892,0.6539611360239165,1.1584289496910853,0.7758305951077034,5.1,2.41,61.86,Low,0.08,7.13,0.1143
Paper & Pulp,Small,35860,107570,18965,1451,79864,3750,78.2,37.17,3.89,4.84,124.1,3.46,8.49,4.7,Electricity,Natural Gas,93673,35,VFD Installation,Medium,75.3,2.9853101857472386,4.213378176382661,2.912621359223301,3.3041255932822198,13.42,3.461,39.18,Medium,0.12,14.89,0.159
Metal Fabrication,Medium,119325,157808,20018,3109,113282,6442,114.73,39.24,8.33,8.31,170.61,1.43,3.13,5.69,Electricity,Natural Gas,269952,15,IE4 Motor,Low,83.3,5.2027437173728295,4.535687593423019,7.811120917917035,6.471339905074845,24.02,1.43,83.01,Low,0.15,25.59,0.0948
Chemical,Small,40534,74764,11639,619,44349,1406,54.35,22.81,1.66,1.81,80.63,1.99,4.79,3.17,Electricity,Natural Gas,141997,15,Compressed Air Optimization,Medium,61.7,1.5375743595969407,1.9774539113104135,0.4523389232127095,0.538517707192406,4.51,1.989,70.95,Low,0.12,9.68,0.0682
Paper & Pulp,Small,61298,123480,12537,784,69849,1572,89.77,24.57,2.1,2.03,118.47,1.93,4.12,2.25,Electricity,Natural Gas,70380,15,IE4 Motor,Medium,68.4,3.6876289911375495,2.251494768310912,0.9377758164165932,0.7393209200438114,7.62,1.933,72.16,Low,0.15,17.77,0.2525
Electronics,Small,50138,39915,6735,553,50283,1055,29.02,13.2,1.48,1.36,45.06,0.9,2.19,2.1,Electricity,Natural Gas,83804,35,Energy Audit,Low,88.2,0.0,0.48112855007473837,0.25375110326566636,0.12778386272362188,0.86,0.899,94.47,Medium,0.1,4.51,0.0538
Automotive Parts,Medium,104569,161354,26815,2847,123867,6624,117.3,52.56,7.63,8.54,186.03,1.78,4.24,5.35,Electricity,Natural Gas,290305,30,Energy Audit,Low,94.7,5.35874711666869,6.609678624813155,7.038834951456311,6.681270536692223,25.69,1.779,75.48,Medium,0.1,18.6,0.0641
Automotive Parts,Medium,165565,163270,29041,3039,120356,5279,118.7,56.92,8.14,6.81,190.57,1.15,2.83,4.39,Electricity,Natural Gas,181052,10,HVAC Optimization,Medium,76.6,5.443729513172271,7.288552566018934,7.601500441306267,5.102227090178897,25.44,1.151,89.04,Low,0.1,19.06,0.1053
Metal Fabrication,Large,292912,443670,55724,4134,267930,8949,322.55,109.22,11.08,11.54,454.39,1.55,3.49,3.34,Electricity,Natural Gas,405237,35,Energy Audit,Low,82.7,17.817773461211605,15.43192575984056,10.845101500441306,9.419496166484116,53.51,1.551,80.4,Medium,0.1,45.44,0.1121
Plastics,Large,204168,355091,46133,4824,176688,15242,258.15,90.42,12.93,19.66,381.16,1.87,4.12,8.63,Electricity,Natural Gas,376476,35,Solar Rooftop,Low,97.5,13.908583222046857,12.5046711509716,12.88614298323036,16.830960204454183,56.13,1.867,73.58,Medium,0.25,95.29,0.2531
Plastics,Medium,172566,147256,20229,2218,130917,7022,107.06,39.65,5.94,9.06,161.71,0.94,2.09,5.36,Electricity,Natural Gas,197592,35,Power Factor Correction,Low,66.9,4.7371615879567806,4.599526656701544,5.1743159752868495,7.155896312522819,21.67,0.937,93.65,Medium,0.07,11.32,0.0573
Pharmaceutical,Large,328760,408521,56089,6025,265305,13673,296.99,109.93,16.15,17.64,440.71,1.34,3.04,5.15,Electricity,Natural Gas,469591,25,IE4 Motor,Low,81.6,16.266237707903365,15.54247633283508,16.43865842894969,14.98722161372764,63.23,1.341,84.93,Medium,0.15,66.11,0.1408
Pharmaceutical,Large,252439,396574,33265,6099,230378,13322,288.31,65.2,16.35,17.19,387.05,1.53,3.01,5.78,Electricity,Natural Gas,589996,20,HVAC Optimization,Medium,99.1,15.73934684958116,8.577790234180368,16.659311562224186,14.576487769258852,55.55,1.533,80.79,Medium,0.1,38.71,0.0656
Food Processing,Large,165508,319525,33819,3604,161314,8464,232.29,66.29,9.66,10.92,319.16,1.93,4.08,5.25,Electricity,Natural Gas,343098,25,Power Factor Correction,High,98.9,12.338836955202135,8.747508719481814,9.278464254192409,8.853596202993792,39.22,1.928,72.26,Medium,0.07,22.34,0.0651
Steel,Large,401671,486001,75491,7452,323594,10238,353.32,147.96,19.97,13.21,534.46,1.33,3.18,3.16,Electricity,Natural Gas,323437,35,Energy Audit,Low,93.4,19.68556513293675,21.463938714499257,20.653133274492497,10.943775100401606,72.75,1.331,85.15,High,0.1,53.45,0.1653
Textile,Large,287167,389302,55849,4469,252142,6494,283.02,109.46,11.98,8.38,412.84,1.44,3.38,2.58,Electricity,Natural Gas,326501,35,Smart Metering,Medium,79.5,15.418234794221194,15.469294967613353,11.838040600176523,6.535231836436657,49.26,1.438,82.84,Medium,0.05,20.64,0.0632
Metal Fabrication,Medium,124681,239839,18673,1920,130207,7070,174.36,36.6,5.15,9.12,225.23,1.81,3.5,5.43,Electricity,Natural Gas,290981,20,Energy Audit,Low,75.8,8.822386791307514,4.124626307922273,4.302736098852604,7.210660825118656,24.46,1.806,74.9,Low,0.1,22.52,0.0774
Automotive Parts,Large,270033,366028,45056,6073,219387,14506,266.1,88.31,16.28,18.71,389.4,1.44,3.14,6.61,Electricity,Natural Gas,312196,30,Compressed Air Optimization,High,74.7,14.391161830763627,12.176133532635774,16.582082965578113,15.963855421686748,59.11,1.442,82.75,Medium,0.12,46.73,0.1497
Glass,Large,261224,450777,44556,6337,227968,10762,327.71,87.33,16.98,13.88,445.9,1.71,3.55,4.72,Electricity,Natural Gas,526795,35,Compressed Air Optimization,High,81.8,18.13099429403909,12.02354260089686,17.354368932038835,11.555312157721795,59.06,1.707,77.03,Medium,0.12,53.51,0.1016
Textile,Medium,157001,216048,22499,2892,92990,5590,157.07,44.1,7.75,7.21,216.13,1.38,2.9,6.01,Electricity,Natural Gas,275814,10,HVAC Optimization,Low,76.7,7.772854194488284,5.292414050822123,7.171226831421006,5.4673238408178175,25.7,1.377,84.16,Low,0.1,21.61,0.0783
Textile,Medium,145726,212453,29651,1966,116562,4218,154.45,58.12,5.27,5.44,223.28,1.53,3.56,3.62,Electricity,Natural Gas,187714,35,IE4 Motor,Medium,89.3,7.61381570960301,7.475398604882908,4.435127978817299,3.851770719240599,23.38,1.532,80.81,Medium,0.15,33.49,0.1784
Plastics,Small,38025,136858,7649,1174,68793,3099,99.5,14.99,3.15,4.0,121.64,3.2,5.77,4.5,Electricity,Natural Gas,99856,20,LED Lighting,Low,64.0,4.278256646837441,0.7598405580468361,2.0962047661076784,2.5374224169404895,9.67,3.199,44.83,Low,0.08,9.73,0.0974
Glass,Medium,155722,225118,25549,1884,127515,4332,163.66,50.08,5.05,5.59,224.38,1.44,3.15,3.4,Electricity,Natural Gas,223259,35,LED Lighting,High,61.4,8.172878475172999,6.22353014449427,4.192409532215357,3.9886820007301935,22.58,1.441,82.78,Medium,0.08,17.95,0.0804
Textile,Large,215524,376537,34849,3550,228803,16782,273.74,68.3,9.51,21.65,373.2,1.73,3.45,7.33,Electricity,Natural Gas,404838,30,LED Lighting,Low,66.0,14.85492290882603,9.060475834578973,9.11297440423654,18.6473165388828,51.68,1.732,76.49,Medium,0.08,29.86,0.0738
Glass,Small,54501,72831,11825,1133,62696,2183,52.95,23.18,3.04,2.82,81.99,1.5,3.61,3.48,Electricity,Natural Gas,88605,30,Solar Rooftop,Low,65.3,1.4525919630933593,2.035064773293473,1.974845542806708,1.460387002555677,6.92,1.504,81.42,Medium,0.25,20.5,0.2314
Pharmaceutical,Medium,88456,169509,25962,2800,79472,6334,123.23,50.89,7.5,8.17,189.79,2.15,5.01,7.97,Electricity,Natural Gas,163802,15,Smart Metering,High,75.3,5.718708267573145,6.349651220727454,6.89541041482789,6.3435560423512225,25.31,2.146,67.56,Low,0.05,9.49,0.0579
Glass,Small,49006,86937,13672,1120,76758,2857,63.2,26.8,3.0,3.69,96.69,1.97,4.68,3.72,Electricity,Natural Gas,129224,20,Energy Audit,Low,86.8,2.074784508923152,2.598716990533134,1.9307149161518093,2.2544724351953263,8.86,1.973,71.29,Low,0.1,9.67,0.0748
Pharmaceutical,Medium,111618,152830,23455,1793,93093,5858,111.11,45.97,4.81,7.56,169.45,1.52,3.55,6.29,Electricity,Natural Gas,159426,25,Smart Metering,High,62.5,4.983003520699284,5.583582461385152,3.927625772285966,5.786783497626871,20.28,1.518,81.11,Medium,0.05,8.47,0.0531
Leather,Large,258847,264077,51961,3562,217749,7631,191.98,101.84,9.55,9.84,313.21,1.21,3.1,3.5,Electricity,Natural Gas,442891,20,VFD Installation,Medium,64.1,9.891950953016874,14.282822620827105,9.15710503089144,7.8678349762687105,41.2,1.21,87.76,Low,0.12,37.59,0.0849
Textile,Large,198526,274993,56933,6112,142696,15154,199.92,111.59,16.38,19.55,347.44,1.75,4.41,10.62,Electricity,Natural Gas,354761,30,LED Lighting,High,92.6,10.373922544615755,15.800946686596912,16.692409532215358,16.730558598028477,59.6,1.75,76.11,Medium,0.08,27.8,0.0784
Metal Fabrication,Large,300446,277026,46604,5515,306257,17571,201.4,91.34,14.78,22.67,330.19,1.1,2.56,5.74,Electricity,Natural Gas,558147,35,IE4 Motor,Low,73.1,10.4637610780624,12.647919780767314,14.927184466019416,19.578313253012052,57.62,1.099,90.16,Medium,0.15,49.53,0.0887
Textile,Small,23236,86818,11240,751,45811,3051,63.12,22.03,2.01,3.94,91.1,3.92,8.74,6.66,Electricity,Natural Gas,93788,35,Energy Audit,Low,89.4,2.0699283719800894,1.856003986048829,0.8384819064430713,2.4826579043446513,7.25,3.921,29.25,Medium,0.1,9.11,0.0971
Glass,Medium,119230,174470,23893,3083,120949,3670,126.84,46.83,8.26,4.73,186.66,1.57,3.6,3.03,Electricity,Natural Gas,171788,30,Energy Audit,Low,95.6,5.937841447128809,5.7174887892376685,7.733892321270962,3.2037239868565175,22.59,1.566,80.08,Medium,0.1,18.67,0.1087
Electronics,Large,139705,357267,54971,4448,214082,11642,259.73,107.74,11.92,15.02,394.41,2.82,6.65,5.44,Electricity,Natural Gas,589451,20,Solar Rooftop,High,95.6,14.004491926672333,15.201482311908322,11.771844660194175,12.595837897042713,53.57,2.823,52.95,Medium,0.25,98.6,0.1673
Paper & Pulp,Large,333114,406017,65457,3788,225812,17711,295.17,128.3,10.15,22.85,456.47,1.37,3.24,7.84,Electricity,Natural Gas,414971,20,Power Factor Correction,High,91.2,16.155760592448708,18.40277777777778,9.819064430714915,19.742606790799563,64.12,1.37,84.31,Medium,0.07,31.95,0.077
Cement,Medium,132196,256308,41597,3717,166983,7425,186.34,81.53,9.96,9.58,287.41,2.17,5.23,4.45,Electricity,Natural Gas,198432,10,Energy Audit,Low,81.9,9.549593298531017,11.12045341305431,9.60944395410415,7.630522088353413,37.91,2.174,66.95,Low,0.1,28.74,0.1448
Pharmaceutical,Small,63655,62763,13401,1322,58809,1123,45.63,26.27,3.54,1.45,76.89,1.21,3.2,1.91,Electricity,Natural Gas,135127,20,Compressed Air Optimization,High,80.3,1.0082554328032052,2.516193323368211,2.5264783759929395,0.2099306316173786,6.26,1.208,87.8,Low,0.12,9.23,0.0683
Steel,Medium,119239,243974,26018,2286,117198,6208,177.37,51.0,6.13,8.01,242.51,2.03,4.32,5.3,Electricity,Natural Gas,190853,35,VFD Installation,High,78.4,9.005098943790214,6.366778774289986,5.3839364518976165,6.197517342095655,26.95,2.034,69.98,Medium,0.12,29.1,0.1525
Metal Fabrication,Large,223705,304292,47432,5483,277815,11372,221.22,92.97,14.69,14.67,343.55,1.54,3.6,4.09,Electricity,Natural Gas,424091,10,Compressed Air Optimization,Low,88.5,11.66686900570596,12.901718983557547,14.827890556045894,12.276378240233662,51.67,1.536,80.73,Medium,0.12,41.23,0.0972
Cement,Medium,182121,285682,28248,4113,168273,7427,207.69,55.37,11.02,9.58,283.66,1.56,3.23,4.41,Electricity,Natural Gas,224227,10,Power Factor Correction,High,80.3,10.845574845210633,7.047209765819631,10.778905560458957,7.630522088353413,36.3,1.558,80.25,Low,0.07,19.86,0.0886
Glass,Small,79834,104112,6947,1497,45728,2850,75.69,13.62,4.01,3.68,97.0,1.22,2.27,6.23,Electricity,Natural Gas,91007,30,LED Lighting,Low,77.6,2.8329488891586743,0.5465246636771299,3.0450132391879965,2.245345016429354,8.67,1.215,87.65,Medium,0.08,7.76,0.0853
Steel,Small,87172,127397,12537,787,78969,3733,92.62,24.57,2.11,4.82,124.12,1.42,2.94,4.73,Electricity,Natural Gas,81860,10,Energy Audit,Low,82.2,3.860628869734127,2.251494768310912,0.9488084730803176,3.285870755750274,10.35,1.424,83.14,Low,0.1,12.41,0.1516
Leather,Medium,98955,143403,26921,2735,103345,3156,104.25,52.77,7.33,4.07,168.42,1.7,4.31,3.05,Electricity,Natural Gas,160292,25,Energy Audit,Low,93.2,4.566589777831735,6.642376681614351,6.707855251544571,2.6013143483023007,20.52,1.702,77.14,Medium,0.1,16.84,0.1051
Chemical,Medium,136086,210389,22949,2488,123400,4906,152.95,44.98,6.67,6.33,210.93,1.55,3.32,3.98,Electricity,Natural Gas,277583,10,Compressed Air Optimization,High,97.3,7.522763141920601,5.429434479322371,5.979699911738747,4.664110989412194,23.6,1.55,80.42,Low,0.12,25.31,0.0912
Pharmaceutical,Large,313030,328438,49602,6262,248483,7992,238.77,97.22,16.78,10.31,363.08,1.16,2.73,3.22,Electricity,Natural Gas,450252,35,LED Lighting,Low,82.6,12.732184047590142,13.563465371200797,17.133715798764342,8.29682365826944,51.73,1.16,88.84,Medium,0.08,29.05,0.0645
Pharmaceutical,Small,25153,125895,10295,647,70728,1215,91.53,20.18,1.73,1.57,115.01,4.57,9.23,1.72,Electricity,Natural Gas,78390,30,Smart Metering,Medium,75.2,3.79446400388491,1.5679496761335325,0.5295675198587819,0.31945965680905447,6.21,4.572,15.2,Medium,0.05,5.75,0.0734
Chemical,Medium,142826,166232,22194,2263,140310,5014,120.85,43.5,6.06,6.47,176.88,1.24,2.8,3.57,Electricity,Natural Gas,241258,10,IE4 Motor,High,73.1,5.574238193517057,5.198991031390134,5.306707855251544,4.791894852135816,20.87,1.238,87.16,Low,0.15,26.53,0.11
Leather,Medium,113528,158555,29286,3182,119331,4530,115.27,57.4,8.53,5.84,187.04,1.65,4.12,3.8,Electricity,Natural Gas,258886,25,HVAC Optimization,High,71.2,5.235522641738497,7.363290981564524,8.031774051191526,4.216867469879518,24.85,1.648,78.31,Medium,0.1,18.7,0.0722
Electronics,Small,57278,104034,13081,1329,44136,1867,75.63,25.64,3.56,2.41,107.24,1.87,4.22,4.23,Electricity,Natural Gas,71688,15,Power Factor Correction,High,84.4,2.8293067864513777,2.418099152964624,2.5485436893203883,1.086162833150785,8.88,1.872,73.47,Low,0.07,7.51,0.1048
Automotive Parts,Large,251357,297043,37088,6593,224818,13170,215.95,72.69,17.67,16.99,323.3,1.29,2.79,5.86,Electricity,Natural Gas,321274,10,Power Factor Correction,Low,77.1,11.346970984581763,9.744020926756352,18.115622241835837,14.393939393939393,53.6,1.286,86.12,Medium,0.07,22.63,0.0704
Ceramics,Small,23600,62784,12096,628,42744,2788,45.64,23.71,1.68,3.6,74.63,3.16,7.92,6.52,Electricity,Natural Gas,73219,30,Energy Audit,High,85.9,1.0088624499210879,2.117588440458396,0.4744042365401588,2.1723256663015698,5.77,3.162,45.63,Medium,0.1,7.46,0.1019
Automotive Parts,Small,91236,125122,12186,963,44459,1214,90.96,23.88,2.58,1.57,118.99,1.3,2.76,2.73,Electricity,Natural Gas,95747,25,LED Lighting,Medium,99.7,3.7598640281655937,2.1440582959641254,1.4673433362753752,0.31945965680905447,7.69,1.304,85.73,Medium,0.08,9.52,0.0994
Automotive Parts,Small,65596,134459,12176,1168,75104,1263,97.75,23.86,3.13,1.63,126.37,1.93,4.0,1.68,Electricity,Natural Gas,99258,25,VFD Installation,High,82.1,4.172028651207964,2.1409441953163926,2.0741394527802295,0.37422416940489217,8.76,1.926,72.31,Medium,0.12,15.16,0.1527
Cement,Small,32341,124032,9328,739,51634,4086,90.17,18.28,1.98,5.27,115.7,3.58,6.83,7.91,Electricity,Natural Gas,59542,10,Power Factor Correction,Medium,67.1,3.7119096758528594,1.272110114598904,0.8053839364518975,3.696604600219058,9.49,3.578,36.65,Low,0.07,8.1,0.136
Plastics,Small,25058,51445,8076,704,74641,2656,37.4,15.83,1.89,3.43,58.55,2.34,5.42,3.56,Electricity,Natural Gas,54494,10,Compressed Air Optimization,High,81.1,0.5086803447857229,0.8906327852516194,0.7060900264783758,2.017159547280029,4.12,2.337,63.44,Low,0.12,7.03,0.129
Metal Fabrication,Large,338817,496912,71096,6717,244166,16015,361.26,139.35,18.0,20.66,539.27,1.59,3.66,6.56,Electricity,Natural Gas,430135,15,Smart Metering,Medium,87.1,20.16753672453563,20.123318385650222,18.47969991173875,17.74370208105148,76.51,1.592,79.52,Medium,0.05,26.96,0.0627
Plastics,Medium,129465,205905,31165,2968,92571,6783,149.69,61.08,7.95,8.75,227.47,1.76,4.11,7.33,Electricity,Natural Gas,246525,10,Compressed Air Optimization,Medium,71.9,7.324875561490833,7.936285500747384,7.391879964695498,6.872946330777656,29.53,1.757,75.96,Low,0.12,27.3,0.1107
Leather,Large,251992,232621,34137,5920,170869,10450,169.12,66.91,15.87,13.48,265.38,1.05,2.4,6.12,Electricity,Natural Gas,412176,35,IE4 Motor,Low,94.7,8.504309821536966,8.844045839561534,16.129744042365402,11.190215407082876,44.67,1.053,91.15,Medium,0.15,39.81,0.0966
Steel,Large,277562,426022,43987,4219,260163,12268,309.72,86.21,11.31,15.83,423.07,1.52,3.2,4.72,Electricity,Natural Gas,554114,25,Energy Audit,Medium,87.4,17.038970498968073,11.849152964623816,11.098852603706973,13.335158817086526,53.32,1.524,80.98,Medium,0.1,42.31,0.0764
Electronics,Small,35010,78286,9977,1183,50003,1195,56.91,19.55,3.17,1.54,81.17,2.32,5.25,2.39,Electricity,Natural Gas,65547,15,IE4 Motor,Medium,70.6,1.6929707417749178,1.4698555057299454,2.1182700794351277,0.2920774005111355,5.57,2.318,63.85,Low,0.15,12.18,0.1858
Automotive Parts,Medium,117163,151212,26149,2637,83998,3786,109.93,51.25,7.07,4.88,173.13,1.48,3.63,4.51,Electricity,Natural Gas,203806,15,IE4 Motor,Medium,65.5,4.911375500789123,6.4057050323866465,6.4210061782877315,3.3406352683461114,21.08,1.478,81.98,Low,0.15,25.97,0.1274
Pharmaceutical,Small,84936,116581,9355,1557,66892,2790,84.75,18.34,4.17,3.6,110.86,1.31,2.57,4.17,Electricity,Natural Gas,87801,15,Compressed Air Optimization,High,83.1,3.382906397960422,1.2814524165421026,3.22153574580759,2.1723256663015698,10.06,1.305,85.71,Low,0.12,13.3,0.1515
Cement,Small,56064,120622,18425,854,51330,1798,87.69,36.11,2.29,2.32,128.41,2.29,5.51,3.5,Electricity,Natural Gas,142461,30,IE4 Motor,Low,84.8,3.561369430617943,4.048330842052815,1.1473962930273611,1.004016064257028,9.76,2.29,64.45,Medium,0.15,19.26,0.1352
Food Processing,Large,284381,211316,38471,2943,230782,10051,153.63,75.4,7.89,12.97,249.89,0.88,2.15,4.36,Electricity,Natural Gas,552983,10,Solar Rooftop,High,95.3,7.5640403059366275,10.165981564524166,7.32568402471315,10.724717050018254,35.78,0.879,94.91,Low,0.25,62.47,0.113
Textile,Small,82010,79876,6990,876,76686,2930,58.07,13.7,2.35,3.78,77.9,0.95,1.88,3.82,Electricity,Natural Gas,118236,15,Smart Metering,Low,87.0,1.7633847274493142,0.5589810662680618,1.2135922330097089,2.336619204089083,5.87,0.95,93.37,Low,0.05,3.9,0.033
Plastics,Large,306955,377634,58771,5798,173348,15880,274.54,115.19,15.54,20.49,425.76,1.39,3.24,9.16,Electricity,Natural Gas,388417,15,Solar Rooftop,Low,66.4,14.903484278256645,16.361484803188837,15.765666372462489,17.588535962029937,64.62,1.387,83.94,Medium,0.25,106.44,0.274
Food Processing,Small,53668,88528,12128,1042,31934,2609,64.36,23.77,2.79,3.37,94.29,1.76,4.01,8.17,Electricity,Natural Gas,64659,10,Smart Metering,High,87.0,2.145198494597548,2.1269307424015946,1.6990291262135921,1.9623950346841919,7.93,1.757,75.96,Low,0.05,4.71,0.0728
Cement,Small,112803,93633,8063,786,101146,1451,68.07,15.8,2.11,1.87,87.85,0.78,1.58,1.43,Electricity,Natural Gas,82155,15,Power Factor Correction,Medium,72.6,2.3704018453320383,0.8859616342800201,0.9488084730803176,0.5932822197882439,4.8,0.779,97.06,Low,0.07,6.15,0.0749
Glass,Medium,137998,168405,35667,2643,135022,3615,122.43,69.91,7.08,4.66,204.08,1.48,3.9,2.68,Electricity,Natural Gas,220090,20,IE4 Motor,High,61.3,5.670146898142528,9.311160936721475,6.432038834951456,3.139832055494706,24.55,1.479,81.96,Low,0.15,30.61,0.1391
Food Processing,Large,261417,277934,38466,5643,223300,9014,202.06,75.39,15.12,11.63,304.2,1.16,2.64,4.04,Electricity,Natural Gas,435610,25,Smart Metering,Low,95.0,10.50382420784266,10.164424514200299,15.302294792586055,9.501642935377875,45.47,1.164,88.75,Medium,0.05,15.21,0.0349
Food Processing,Large,260643,263649,42798,4092,137265,9580,191.67,83.88,10.97,12.36,298.88,1.15,2.73,6.98,Electricity,Natural Gas,543427,15,Smart Metering,Medium,69.0,9.873133422362509,11.486360239162929,10.723742277140335,10.167944505293903,42.25,1.147,89.12,Low,0.05,14.94,0.0275
Ceramics,Medium,104283,207781,31668,2362,85362,5029,151.06,62.07,6.33,6.49,225.95,2.17,5.14,5.89,Electricity,Natural Gas,214306,30,Solar Rooftop,High,91.9,7.408036906640768,8.090433482810164,5.60458958517211,4.810149689667762,25.91,2.167,67.11,Medium,0.25,56.49,0.2636
Chemical,Small,41209,103820,16896,1497,55218,1903,75.48,33.12,4.01,2.45,115.06,2.79,6.8,3.45,Electricity,Natural Gas,106111,15,Smart Metering,Low,98.2,2.8202015296831373,3.582772795216741,3.0450132391879965,1.1226725082146771,10.57,2.792,53.62,Low,0.05,5.75,0.0542
Steel,Large,219832,431437,55176,5276,203413,12210,313.65,108.14,14.14,15.75,451.68,2.05,4.59,6.0,Electricity,Natural Gas,386391,35,HVAC Optimization,High,79.7,17.277528226295978,15.26376432486298,14.221094439541043,13.262139466958745,60.02,2.055,69.52,Medium,0.1,45.17,0.1169
Glass,Small,46674,88956,16959,1110,79381,3000,64.67,33.24,2.97,3.87,104.75,2.24,5.66,3.78,Electricity,Natural Gas,113727,20,IE4 Motor,Low,97.1,2.1640160252519123,3.60145739910314,1.8976169461606358,2.4187659729828406,10.08,2.244,65.44,Low,0.15,15.71,0.1381
Pharmaceutical,Medium,112250,162600,20792,2764,103262,3860,118.21,40.75,7.41,4.98,171.35,1.53,3.42,3.74,Electricity,Natural Gas,265669,25,VFD Installation,Low,62.6,5.4139856743960175,4.770802192326856,6.796116504854369,3.4319094560058416,20.41,1.527,80.92,Medium,0.12,20.56,0.0774
Steel,Medium,208310,191837,22956,2650,118999,4427,139.47,44.99,7.1,5.71,197.27,0.95,2.09,3.72,Electricity,Natural Gas,279057,35,IE4 Motor,Medium,69.9,6.70450406701469,5.4309915296462385,6.454104148278905,4.09821102592187,22.69,0.947,93.44,Medium,0.15,29.59,0.106
Ceramics,Large,190151,429316,55209,5737,236259,11647,312.11,108.21,15.38,15.02,450.72,2.37,5.31,4.93,Electricity,Natural Gas,467219,25,LED Lighting,Medium,95.0,17.184047590142043,15.274663677130043,15.589143865842894,12.595837897042713,60.64,2.37,62.72,Medium,0.08,36.06,0.0772
Textile,Small,87329,107893,5927,1308,57481,1362,78.44,11.62,3.51,1.76,95.33,1.09,1.99,2.37,Electricity,Natural Gas,105931,30,HVAC Optimization,Low,71.8,2.999878596576423,0.23511459890383654,2.4933804060017652,0.49288061336254113,6.22,1.092,90.31,Medium,0.1,9.53,0.09
Plastics,Medium,155766,169056,26105,3413,105568,5868,122.9,51.17,9.15,7.57,190.79,1.22,2.87,5.56,Electricity,Natural Gas,164342,25,Power Factor Correction,High,88.6,5.698676702683016,6.393248629795716,8.715798764342454,5.795910916392844,26.6,1.225,87.44,Medium,0.07,13.36,0.0813
Paper & Pulp,Large,275620,412967,67275,5650,212923,15834,300.23,131.86,15.14,20.43,467.66,1.7,4.04,7.44,Electricity,Natural Gas,400918,20,Compressed Air Optimization,Low,94.4,16.462911254097367,18.957087693074243,15.324360105913504,17.533771449434102,68.28,1.697,77.25,Medium,0.12,56.12,0.14
Cement,Small,65443,164307,15515,1351,103621,1821,119.45,30.41,3.62,2.35,155.83,2.38,4.98,1.76,Electricity,Natural Gas,112925,15,LED Lighting,Low,78.0,5.489255797013476,3.1608121574489285,2.6147396293027363,1.0313983205549473,12.3,2.381,62.49,Low,0.08,12.47,0.1104
Electronics,Large,197214,320986,48907,5136,108995,10112,233.36,95.86,13.76,13.04,356.02,1.81,4.24,9.28,Electricity,Natural Gas,341283,25,VFD Installation,High,62.9,12.403787786815586,13.351706527154958,13.801853486319505,10.788608981380063,50.35,1.805,74.92,Medium,0.12,42.72,0.1252
Chemical,Large,208550,450960,58556,4969,177368,9366,327.85,114.77,13.32,12.08,468.02,2.24,5.09,5.28,Electricity,Natural Gas,594397,30,Compressed Air Optimization,Low,74.8,18.139492533689452,16.296088689586448,13.316416593115624,9.912376779846658,57.66,2.244,65.44,Medium,0.12,56.16,0.0945
Paper & Pulp,Small,35997,87844,10433,1796,74145,3705,63.86,20.45,4.81,4.78,93.9,2.61,5.59,5.0,Electricity,Natural Gas,90435,25,VFD Installation,Low,95.6,2.1148476387034116,1.6099900348779272,3.927625772285966,3.2493610806863824,10.9,2.609,57.57,Medium,0.12,11.27,0.1246
Automotive Parts,Small,76899,117418,9322,1247,51323,1251,85.36,18.27,3.34,1.61,108.58,1.41,2.82,2.44,Electricity,Natural Gas,120385,10,Compressed Air Optimization,Medium,71.9,3.4199344421512685,1.2705530642750373,2.3058252427184462,0.35596933187294644,7.35,1.412,83.4,Low,0.12,13.03,0.1082
Food Processing,Small,36215,68486,9520,930,67689,2546,49.79,18.66,2.49,3.28,74.22,2.05,4.65,3.76,Electricity,Natural Gas,84396,20,Compressed Air Optimization,Low,73.3,1.2607745538424182,1.3312780269058295,1.3680494263018537,1.880248265790434,5.84,2.049,69.65,Low,0.12,8.91,0.1056
Cement,Small,98848,70095,7736,2216,51751,1671,50.96,15.16,5.94,2.16,74.22,0.75,1.6,3.23,Electricity,Natural Gas,79658,10,Compressed Air Optimization,Medium,94.0,1.331795556634697,0.7863104135525661,5.1743159752868495,0.8579773640014604,8.15,0.751,97.67,Low,0.12,8.91,0.1119
Electronics,Large,261468,180508,39447,3156,109802,6885,131.23,77.32,8.46,8.88,225.89,0.86,2.26,6.27,Electricity,Natural Gas,574688,35,Solar Rooftop,High,87.1,6.204321961879324,10.464935226706526,7.954545454545456,6.991602774735306,31.62,0.864,95.23,Medium,0.25,56.47,0.0983
Electronics,Small,28153,78667,9448,489,56389,2283,57.19,18.52,1.31,2.95,79.97,2.84,6.24,4.05,Electricity,Natural Gas,147085,15,VFD Installation,Medium,68.9,1.7099672210756343,1.309479322371699,0.06619593998234781,1.579043446513326,4.66,2.841,52.56,Low,0.12,9.6,0.0653
Cement,Large,302914,411972,47231,5147,193618,16361,299.5,92.57,13.79,21.11,426.97,1.41,3.0,8.45,Electricity,Natural Gas,375265,30,Smart Metering,Low,96.9,16.418599004491927,12.839436970602888,13.834951456310678,18.15443592552026,61.25,1.41,83.44,Medium,0.05,21.35,0.0569
Paper & Pulp,Small,34630,80907,19039,1743,84561,3337,58.82,37.32,4.67,4.3,105.11,3.04,8.09,3.95,Electricity,Natural Gas,93216,20,LED Lighting,Medium,69.0,1.8089110112905185,4.236733931240658,3.7731685789938214,2.8112449799196786,12.63,3.035,48.37,Low,0.08,8.41,0.0902
Ceramics,Small,35507,48565,8889,1306,68231,1436,35.31,17.42,3.5,1.85,58.08,1.64,4.06,2.1,Electricity,Natural Gas,145152,10,IE4 Motor,Medium,71.0,0.38181376714823373,1.138203786746388,2.482347749338041,0.575027382256298,4.58,1.636,78.57,Low,0.15,8.71,0.06
Plastics,Medium,143469,197938,33949,2912,122055,5343,143.9,66.54,7.8,6.89,225.13,1.57,3.85,4.38,Electricity,Natural Gas,251001,30,HVAC Optimization,Medium,68.4,6.973412650236736,8.786434977578477,7.22639011473963,5.175246440306681,28.16,1.569,80.01,Medium,0.1,22.51,0.0897
Glass,Medium,131750,198122,22501,3220,138784,4830,144.03,44.1,8.63,6.23,202.99,1.54,3.33,3.48,Electricity,Natural Gas,191446,20,HVAC Optimization,High,61.6,6.981303872769212,5.292414050822123,8.142100617828774,4.572836801752465,24.99,1.541,80.62,Low,0.1,20.3,0.106
Leather,Large,263315,219175,59341,3204,227075,14805,159.34,116.31,8.59,19.1,303.34,1.15,3.15,6.52,Electricity,Natural Gas,437015,20,Energy Audit,High,87.6,7.910647080247663,16.535874439461885,8.097969991173875,16.319824753559693,48.86,1.152,89.01,Low,0.1,30.33,0.0694
Textile,Medium,111210,200631,26354,2093,131096,3890,145.86,51.65,5.61,5.02,208.14,1.87,4.27,2.97,Electricity,Natural Gas,199556,25,Power Factor Correction,High,65.1,7.092388005341752,6.467987045341306,4.810238305383937,3.468419131069733,21.84,1.872,73.47,Medium,0.07,14.57,0.073
Leather,Large,188760,288022,55747,3551,154416,12877,209.39,109.26,9.52,16.61,344.78,1.83,4.57,8.34,Electricity,Natural Gas,324863,25,Power Factor Correction,Medium,91.1,10.948767755250696,15.438153961136026,9.124007060900265,14.047097480832418,49.56,1.827,74.44,Medium,0.07,24.13,0.0743
Chemical,Medium,158760,160393,31135,2204,85741,6314,116.61,61.02,5.91,8.15,191.69,1.21,3.04,7.36,Electricity,Natural Gas,187279,30,Energy Audit,High,73.0,5.3168629355347825,7.926943198804186,5.141218005295675,6.325301204819278,24.71,1.207,87.83,Medium,0.1,19.17,0.1024
Metal Fabrication,Medium,111108,199942,26244,2521,115115,4810,145.36,51.44,6.76,6.2,209.76,1.89,4.28,4.18,Electricity,Natural Gas,287086,25,IE4 Motor,Low,87.0,7.062037149447615,6.435288988540109,6.0789938217122685,4.545454545454546,24.12,1.888,73.13,Medium,0.15,31.46,0.1096
Paper & Pulp,Small,72280,87926,19067,1101,63501,3666,63.92,37.37,2.95,4.73,108.97,1.51,3.93,5.77,Electricity,Natural Gas,92538,20,LED Lighting,Medium,73.6,2.118489741410708,4.24451918285999,1.8755516328331865,3.2037239868565175,11.44,1.508,81.33,Low,0.08,8.72,0.0942
Steel,Large,238519,531283,54766,8415,286027,13832,386.24,107.34,22.55,17.84,533.97,2.24,4.7,4.84,Electricity,Natural Gas,437510,35,Compressed Air Optimization,Low,77.6,21.683865485006677,15.139200298953662,23.49955869373345,15.169769989047099,75.49,2.239,65.55,High,0.12,64.08,0.1465
Electronics,Small,58875,105693,11534,1149,61032,2649,76.84,22.61,3.08,3.42,105.95,1.8,3.85,4.34,Electricity,Natural Gas,56218,20,HVAC Optimization,Low,80.7,2.902755857715188,1.9463129048330843,2.0189761694616064,2.0080321285140563,8.88,1.8,75.03,Low,0.1,10.6,0.1885
Food Processing,Medium,85580,125873,16327,1445,117070,2877,91.51,32.0,3.87,3.71,131.09,1.53,3.46,2.46,Electricity,Natural Gas,180766,35,Power Factor Correction,High,92.0,3.7932499696491444,3.4083831589436975,2.8905560458958517,2.272727272727273,12.36,1.532,80.81,Medium,0.07,9.18,0.0508
Chemical,Medium,130998,200858,29325,2098,119042,5962,146.02,57.48,5.62,7.69,216.81,1.66,3.85,5.01,Electricity,Natural Gas,243188,10,HVAC Optimization,Medium,71.0,7.102100279227875,7.3757473841554555,4.821270962047661,5.905439941584521,25.2,1.655,78.16,Low,0.1,21.68,0.0891
Metal Fabrication,Small,49438,114876,12469,891,54307,1887,83.51,24.44,2.39,2.43,112.77,2.28,4.94,3.47,Electricity,Natural Gas,121607,15,VFD Installation,Low,96.9,3.307636275342965,2.231253114100648,1.2577228596646073,1.1044176706827311,7.9,2.281,64.64,Low,0.12,13.53,0.1113
Paper & Pulp,Small,47819,83488,15409,1435,69352,1877,60.7,30.2,3.85,2.42,97.17,2.03,5.12,2.71,Electricity,Natural Gas,109617,30,IE4 Motor,Low,77.2,1.9230302294524708,3.128114100647733,2.8684907325684024,1.095290251916758,9.01,2.032,70.02,Medium,0.15,14.58,0.133
Metal Fabrication,Medium,121480,202035,25033,3114,128761,4689,146.88,49.06,8.35,6.05,210.34,1.73,3.85,3.64,Electricity,Natural Gas,295574,25,IE4 Motor,High,76.2,7.154303751365789,6.064711011459891,7.8331862312444835,4.408543263964951,25.46,1.731,76.52,Medium,0.15,31.55,0.1067
Electronics,Medium,111478,117082,23586,1929,79838,5175,85.12,46.23,5.17,6.68,143.2,1.28,3.25,6.48,Electricity,Natural Gas,224205,25,VFD Installation,High,87.8,3.405366031322084,5.6240657698056795,4.324801412180053,4.983570646221248,18.34,1.285,86.14,Medium,0.12,17.18,0.0766
Textile,Small,47622,122814,15119,1240,76128,1802,89.29,29.63,3.32,2.32,124.56,2.62,5.88,2.37,Electricity,Natural Gas,69645,25,Power Factor Correction,Medium,71.1,3.65849216947918,3.039362232187344,2.2837599293909974,1.004016064257028,9.99,2.616,57.41,Medium,0.07,8.72,0.1252
Ceramics,Small,33193,104382,8585,1060,59534,2618,75.89,16.83,2.84,3.38,98.94,2.98,5.89,4.4,Electricity,Natural Gas,88608,15,IE4 Motor,High,82.5,2.845089231516329,1.0463378176382658,1.7541924095322154,1.9715224534501645,7.62,2.981,49.54,Low,0.15,14.84,0.1675
Paper & Pulp,Large,384480,476185,52790,4226,257355,18397,346.19,103.47,11.33,23.73,484.72,1.26,2.67,7.15,Electricity,Natural Gas,340996,10,HVAC Optimization,High,69.8,19.252761927886368,14.536621823617338,11.120917917034422,20.545819642205185,65.46,1.261,86.66,Medium,0.1,48.47,0.1421
Paper & Pulp,Medium,120451,236968,24618,2694,99281,4697,172.28,48.25,7.22,6.06,233.81,1.94,4.12,4.73,Electricity,Natural Gas,228343,30,LED Lighting,Medium,89.0,8.696127230787907,5.938589935226707,6.586496028243601,4.417670682730924,25.64,1.941,71.98,Medium,0.08,18.7,0.0819
Cement,Large,290689,458328,66648,5549,311379,18418,333.2,130.63,14.87,23.76,502.46,1.73,3.96,5.91,Electricity,Natural Gas,563869,20,Compressed Air Optimization,High,80.5,18.46424669175671,18.765570503238663,15.026478375992939,20.573201898503104,72.83,1.729,76.56,Medium,0.12,60.3,0.1069
Electronics,Small,53198,64190,10413,691,45117,1771,46.67,20.41,1.85,2.28,71.21,1.34,3.23,3.93,Electricity,Natural Gas,65951,30,Compressed Air Optimization,Low,86.6,1.0713852130630084,1.6037618335824615,0.6619593998234776,0.9675063891931359,4.3,1.339,84.98,Medium,0.12,8.55,0.1296
Paper & Pulp,Medium,161174,178235,20458,3708,120428,6413,129.58,40.1,9.94,8.27,187.89,1.17,2.49,5.33,Electricity,Natural Gas,261851,10,LED Lighting,High,92.3,6.104164137428676,4.669593921275536,9.587378640776699,6.434830230010953,26.8,1.166,88.71,Low,0.08,15.03,0.0574
Food Processing,Medium,95797,199752,25933,2474,98728,5507,145.22,50.83,6.63,7.1,209.78,2.19,4.92,5.58,Electricity,Natural Gas,299916,30,Energy Audit,High,82.1,7.053538909797257,6.340308918784254,5.935569285083848,5.3669222343921135,24.7,2.19,66.61,Medium,0.1,20.98,0.07
Automotive Parts,Medium,137147,193111,28901,3070,102374,6053,140.39,56.65,8.23,7.81,213.08,1.55,3.63,5.91,Electricity,Natural Gas,161541,20,Smart Metering,Medium,67.5,6.7603496418599,7.246512207274539,7.7007943512797885,6.014968966776196,27.72,1.554,80.34,Low,0.05,10.65,0.0659
Ceramics,Medium,146668,140292,29465,2309,106515,5240,101.99,57.75,6.19,6.76,172.69,1.18,3.04,4.92,Electricity,Natural Gas,244175,35,Smart Metering,Low,86.8,4.429403909190239,7.417787742899851,5.450132391879965,5.056589996349032,22.35,1.177,88.47,Medium,0.05,8.63,0.0353
Electronics,Medium,95867,163264,26357,2646,98220,5403,118.69,51.66,7.09,6.97,184.41,1.92,4.59,5.5,Electricity,Natural Gas,175438,20,Power Factor Correction,High,76.3,5.4431224960543885,6.469544095665171,6.44307149161518,5.248265790434465,23.6,1.924,72.35,Low,0.07,12.91,0.0736
Food Processing,Small,62243,107488,11912,577,44745,1451,78.14,23.35,1.55,1.87,104.91,1.69,3.69,3.24,Electricity,Natural Gas,103361,25,Solar Rooftop,Low,72.6,2.9816680830399416,2.061534628799203,0.3309796999117388,0.5932822197882439,5.97,1.685,77.51,Medium,0.25,26.23,0.2538
Metal Fabrication,Medium,150741,187758,25711,1895,114818,5510,136.5,50.39,5.08,7.11,199.08,1.32,3.01,4.8,Electricity,Natural Gas,202166,15,Smart Metering,High,92.0,6.524219983003521,6.27179870453413,4.225507502206531,5.376049653158088,22.4,1.321,85.37,Low,0.05,9.95,0.0492
Automotive Parts,Small,64114,97389,6147,613,79095,1366,70.8,12.05,1.64,1.76,86.25,1.35,2.53,1.73,Electricity,Natural Gas,129675,20,Solar Rooftop,Medium,62.0,2.536117518514022,0.30206776283009484,0.4302736098852603,0.49288061336254113,3.76,1.345,84.85,Low,0.25,21.56,0.1663
Automotive Parts,Medium,136716,193194,24933,2875,90531,6092,140.45,48.87,7.71,7.86,204.89,1.5,3.34,6.73,Electricity,Natural Gas,191651,20,IE4 Motor,Medium,90.4,6.763991744567196,6.035127055306427,7.127096204766108,6.0606060606060606,25.99,1.499,81.52,Low,0.15,30.73,0.1603
Glass,Large,313851,429442,62974,6226,271851,10178,312.2,123.43,16.69,13.13,465.45,1.48,3.47,3.74,Electricity,Natural Gas,516372,20,Power Factor Correction,High,87.7,17.189510744202984,17.644494270054807,17.03442188879082,10.870755750273823,62.74,1.483,81.87,Medium,0.07,32.58,0.0631
Electronics,Large,151711,343468,28260,4919,118977,9391,249.7,55.39,13.18,12.11,330.38,2.18,4.29,7.89,Electricity,Natural Gas,363371,10,Compressed Air Optimization,Medium,76.7,13.395653757435957,7.050323866467364,13.161959399823479,9.939759036144578,43.55,2.178,66.87,Low,0.12,39.65,0.1091
Cement,Large,390640,523846,55759,4963,203359,22107,380.84,109.29,13.3,28.52,531.95,1.36,2.83,10.87,Electricity,Natural Gas,456707,35,Smart Metering,Medium,81.6,21.356076241350006,15.442825112107625,13.294351279788174,24.917853231106243,75.01,1.362,84.48,High,0.05,26.6,0.0582
Cement,Medium,180481,209623,42325,2910,120937,9215,152.4,82.96,7.8,11.89,255.05,1.41,3.59,7.62,Electricity,Natural Gas,209346,15,IE4 Motor,Low,91.6,7.489377200437053,11.343111609367213,7.22639011473963,9.738955823293173,35.8,1.413,83.38,Low,0.15,38.26,0.1828
Electronics,Large,213603,320902,51673,4472,134192,6324,233.3,101.28,11.98,8.16,354.72,1.66,4.03,4.71,Electricity,Natural Gas,406430,10,IE4 Motor,High,84.9,12.40014568410829,14.195627802690582,11.838040600176523,6.33442862358525,44.77,1.661,78.03,Low,0.15,53.21,0.1309
Glass,Large,329313,273670,66072,3748,178198,12704,198.96,129.5,10.04,16.39,354.89,1.08,2.89,7.13,Electricity,Natural Gas,488058,30,VFD Installation,Medium,92.2,10.315648901299015,18.589623816641755,9.697705207413945,13.846294267981015,52.45,1.078,90.61,Medium,0.12,42.59,0.0873
Chemical,Small,59948,117359,11851,919,54494,1770,85.32,23.23,2.46,2.28,113.29,1.89,4.01,3.25,Electricity,Natural Gas,93600,25,Power Factor Correction,Low,84.1,3.4175063736797373,2.042850024912805,1.3349514563106795,0.9675063891931359,7.76,1.89,73.08,Medium,0.07,7.93,0.0847
Electronics,Small,41265,42964,10050,536,46152,2362,31.23,19.7,1.44,3.05,55.42,1.34,3.54,5.12,Electricity,Natural Gas,129683,25,Energy Audit,Low,81.8,0.1341507830520821,1.4932112605879422,0.20962047661076783,1.6703176341730557,3.51,1.343,84.89,Medium,0.1,5.54,0.0427
Ceramics,Large,317597,282719,56519,6683,250540,12190,205.54,110.78,17.91,15.73,349.96,1.1,2.77,4.87,Electricity,Natural Gas,564372,15,Smart Metering,Low,90.9,10.715066164865847,15.674825610363726,18.380406001765227,13.243884629426796,58.01,1.102,90.09,Medium,0.05,17.5,0.031
Plastics,Small,84356,70622,9198,855,39978,3611,51.34,18.03,2.29,4.66,76.32,0.9,1.98,9.03,Electricity,Natural Gas,58248,15,VFD Installation,Medium,94.7,1.3548622071142407,1.2331838565022424,1.1473962930273611,3.139832055494706,6.88,0.905,94.34,Low,0.12,9.16,0.1573
Plastics,Small,72909,133899,12768,1236,76788,2542,97.34,25.03,3.31,3.28,128.96,1.77,3.67,3.31,Electricity,Natural Gas,79354,15,Smart Metering,Medium,93.8,4.147140949374773,2.32311908320877,2.272727272727273,1.880248265790434,10.62,1.769,75.7,Low,0.05,6.45,0.0813
Chemical,Large,236562,431177,56741,6305,197757,13178,313.47,111.21,16.9,17.0,458.58,1.94,4.35,6.66,Electricity,Natural Gas,416293,30,Smart Metering,Medium,65.0,17.266601918174093,15.741778774289983,17.266107678729036,14.403066812705367,64.68,1.939,72.03,Medium,0.05,22.93,0.0551
Glass,Medium,176703,164258,22668,2373,121315,4104,119.42,44.43,6.36,5.29,175.5,0.99,2.28,3.38,Electricity,Natural Gas,242384,20,HVAC Optimization,Medium,78.8,5.487434745659828,5.343796711509715,5.637687555163284,3.7148594377510045,20.18,0.993,92.45,Low,0.1,17.55,0.0724
Leather,Small,54748,94390,15252,1415,56356,2272,68.62,29.89,3.79,2.93,105.23,1.92,4.64,4.03,Electricity,Natural Gas,128305,35,HVAC Optimization,High,62.1,2.4037877868155886,3.0798455406078724,2.802294792586055,1.5607886089813803,9.85,1.922,72.39,Medium,0.1,10.52,0.082
Steel,Large,414127,375193,69100,7388,282069,8256,272.77,135.44,19.8,10.65,438.66,1.06,2.66,2.93,Electricity,Natural Gas,532778,20,Compressed Air Optimization,Low,93.9,14.796042248391403,19.514511709018436,20.46557811120918,8.607155896312522,63.38,1.059,91.02,Medium,0.12,52.64,0.0988
Pharmaceutical,Small,33067,63607,7185,1437,75259,1584,46.24,14.08,3.85,2.04,66.21,2.0,4.31,2.1,Electricity,Natural Gas,109165,20,Power Factor Correction,High,88.4,1.0452834769940513,0.6181489785749876,2.8684907325684024,0.7484483388097847,5.28,2.002,70.67,Low,0.07,4.63,0.0424
Electronics,Medium,123062,112819,15401,2312,79443,5037,82.02,30.19,6.2,6.5,124.91,1.02,2.26,6.34,Electricity,Natural Gas,237828,25,LED Lighting,High,72.5,3.217190724778438,3.1265570503238664,5.461165048543689,4.819277108433735,16.62,1.015,91.97,Medium,0.08,9.99,0.042
Cement,Large,271845,606425,79918,5025,256065,22178,440.87,156.64,13.47,28.61,639.59,2.35,5.26,8.66,Electricity,Natural Gas,375232,30,VFD Installation,Medium,74.1,25.0,22.815458395615345,13.481906443071493,25.0,86.3,2.353,63.09,High,0.12,76.75,0.2045
Metal Fabrication,Medium,131217,170814,25149,3644,132290,7032,124.18,49.29,9.77,9.07,192.31,1.47,3.36,5.32,Electricity,Natural Gas,199401,35,HVAC Optimization,Low,83.6,5.7763748937720045,6.100523168908819,9.39982347749338,7.165023731288792,28.44,1.466,82.24,Medium,0.1,19.23,0.0964
Plastics,Medium,151376,163162,35543,2087,103234,4652,118.62,69.66,5.59,6.0,199.87,1.32,3.49,4.51,Electricity,Natural Gas,201863,15,VFD Installation,High,91.2,5.43887337622921,9.272234678624812,4.788172992056487,4.362906170135085,23.86,1.32,85.39,Low,0.12,23.98,0.1188
Steel,Large,242188,424735,49505,5919,255546,8874,308.78,97.03,15.86,11.45,433.12,1.79,3.92,3.47,Electricity,Natural Gas,533030,35,HVAC Optimization,High,61.1,16.981910889887093,13.533881415047336,16.118711385701676,9.33734939759036,55.97,1.788,75.29,Medium,0.1,43.31,0.0813
Plastics,Large,228171,362755,68320,6699,158036,9401,263.72,133.91,17.95,12.13,427.71,1.87,4.73,5.95,Electricity,Natural Gas,419074,30,HVAC Optimization,High,63.8,14.246691756707538,19.276283009466866,18.424536628420125,9.958013873676524,61.91,1.875,73.41,Medium,0.1,42.77,0.1021
Plastics,Medium,145969,168470,26036,3364,98251,6140,122.48,51.03,9.02,7.92,190.45,1.3,3.05,6.25,Electricity,Natural Gas,251830,35,HVAC Optimization,High,61.3,5.673181983731941,6.371449925261585,8.572374227714032,6.115370573201898,26.73,1.305,85.71,Medium,0.1,19.04,0.0756
Ceramics,Large,234374,284874,53737,4742,255952,9575,207.1,105.32,12.71,12.35,337.48,1.44,3.61,3.74,Electricity,Natural Gas,497236,30,LED Lighting,Low,84.3,10.809760835255553,14.824676133532636,12.64342453662842,10.158817086527929,48.44,1.44,82.8,Medium,0.08,27.0,0.0543
Textile,Large,214067,379554,45243,4401,156717,11422,275.94,88.68,11.79,14.73,391.14,1.83,3.99,7.29,Electricity,Natural Gas,399922,15,HVAC Optimization,Low,82.0,14.988466674760225,12.233744394618835,11.628420123565753,12.3311427528295,51.18,1.827,74.44,Medium,0.1,39.11,0.0978
Steel,Medium,115428,197868,40713,2238,162706,7005,143.85,79.8,6.0,9.04,238.69,2.07,5.34,4.31,Electricity,Natural Gas,291371,20,HVAC Optimization,Medium,67.8,6.970377564647324,10.85108370702541,5.240511915269197,7.137641474990872,30.2,2.068,69.24,Low,0.1,23.87,0.0819
Ceramics,Small,89448,95592,9758,1720,64830,1890,69.5,19.13,4.61,2.44,95.68,1.07,2.26,2.92,Electricity,Natural Gas,104404,15,Energy Audit,Medium,88.2,2.457205293189268,1.4044593921275534,3.7069726390114743,1.1135450894487038,8.68,1.07,90.78,Low,0.1,9.57,0.0917
Electronics,Medium,132654,153459,17377,2395,71940,4860,111.56,34.06,6.42,6.27,158.31,1.19,2.56,6.76,Electricity,Natural Gas,227146,15,Energy Audit,High,73.1,5.010319291004006,3.72913552566019,5.7038834951456305,4.609346476816356,19.05,1.193,88.13,Low,0.1,15.83,0.0697
Electronics,Medium,86833,124487,18164,2340,89673,5027,90.5,35.6,6.27,6.48,138.85,1.6,3.66,5.61,Electricity,Natural Gas,189563,20,Solar Rooftop,High,99.2,3.731941240742989,3.968921275535626,5.538393645189761,4.80102227090179,18.04,1.599,79.37,Low,0.25,34.71,0.1831
Textile,Medium,158686,135205,25219,3305,98523,4255,98.29,49.43,8.86,5.49,162.07,1.02,2.55,4.32,Electricity,Natural Gas,208971,15,Solar Rooftop,Medium,97.2,4.204807575573632,6.12232187344295,8.395851721094438,3.8974078130704637,22.62,1.021,91.84,Low,0.25,40.52,0.1939
Automotive Parts,Medium,92213,182679,23777,3141,106377,4123,132.81,46.6,8.42,5.32,193.15,2.09,4.73,3.88,Electricity,Natural Gas,252427,10,Solar Rooftop,Low,87.6,6.300230666504795,5.681676631788739,7.910414827890556,3.7422416940489236,23.63,2.095,68.66,Low,0.25,48.29,0.1913
Metal Fabrication,Small,61953,138648,8807,671,74555,3623,100.8,17.26,1.8,4.67,124.53,2.01,3.71,4.86,Electricity,Natural Gas,128878,20,VFD Installation,Low,86.7,4.357168872162195,1.1132909815645247,0.6067961165048544,3.1489594742606792,9.23,2.01,70.49,Low,0.12,14.94,0.1159
Steel,Large,395999,540348,69431,4909,306269,19135,392.83,136.08,13.16,24.68,566.75,1.43,3.18,6.25,Electricity,Natural Gas,380785,15,IE4 Motor,Low,60.8,22.083889765691392,19.61416292974589,13.139894086496028,21.41292442497262,76.25,1.431,82.99,Medium,0.15,85.01,0.2232
Chemical,Small,74648,136399,8198,919,73136,2285,99.16,16.07,2.46,2.95,120.64,1.62,2.99,3.12,Electricity,Natural Gas,99434,20,Power Factor Correction,Low,93.5,4.257618064829428,0.9280019930244146,1.3349514563106795,1.579043446513326,8.1,1.616,79.0,Low,0.07,8.44,0.0849
Electronics,Small,67001,102906,8932,1234,44495,2001,74.81,17.51,3.31,2.58,98.21,1.47,2.96,4.5,Electricity,Natural Gas,142570,10,HVAC Optimization,Medium,88.7,2.779531382784995,1.1522172396611863,2.272727272727273,1.2413289521723259,7.45,1.466,82.24,Low,0.1,9.82,0.0689
Paper & Pulp,Medium,106780,205022,23014,3709,129537,7691,149.05,45.11,9.94,9.92,214.02,2.0,4.25,5.94,Electricity,Natural Gas,197657,30,IE4 Motor,High,73.1,7.286026465946341,5.449676133532636,9.587378640776699,7.940854326396495,30.26,2.004,70.62,Medium,0.15,32.1,0.1624
Textile,Large,185955,231652,35822,6684,148386,8252,168.41,70.21,17.91,10.65,267.18,1.44,3.35,5.56,Electricity,Natural Gas,356199,10,Solar Rooftop,Medium,94.5,8.461211606167293,9.357872446437469,18.380406001765227,8.607155896312522,44.81,1.437,82.86,Low,0.25,66.8,0.1875
Automotive Parts,Large,321928,273397,63280,6086,151595,14740,198.76,124.03,16.31,19.01,358.11,1.11,2.91,9.72,Electricity,Natural Gas,447564,10,VFD Installation,Low,65.2,10.30350855894136,17.737917289486795,16.615180935569285,16.23767798466594,60.89,1.112,89.88,Medium,0.12,42.97,0.096
Ceramics,Large,195823,310952,47352,5902,216680,9430,226.06,92.81,15.82,12.16,346.85,1.77,4.16,4.35,Electricity,Natural Gas,517761,20,Power Factor Correction,High,70.9,11.960665290761199,12.876806178375686,16.07458075904678,9.985396129974443,50.9,1.771,75.65,Medium,0.07,24.28,0.0469
Steel,Large,374696,513988,85864,7286,242911,9148,373.67,168.29,19.53,11.8,573.29,1.53,3.76,3.77,Electricity,Natural Gas,523198,30,Solar Rooftop,Medium,67.1,20.920844967828096,24.62942202291978,20.167696381288618,9.656809054399416,75.37,1.53,80.85,High,0.25,143.32,0.2739
Pharmaceutical,Medium,144355,214608,20552,2201,96145,5303,156.02,40.28,5.9,6.84,209.04,1.45,2.99,5.52,Electricity,Natural Gas,195847,30,Power Factor Correction,Low,94.3,7.709117397110599,4.6976208271051325,5.130185348631951,5.129609346476816,22.67,1.448,82.62,Medium,0.07,14.63,0.0747
Food Processing,Large,156853,222697,47769,3515,227813,12427,161.9,93.63,9.42,16.03,280.98,1.79,4.58,5.45,Electricity,Natural Gas,455389,30,Solar Rooftop,Medium,60.4,8.06604346242564,13.004484304932735,9.013680494263019,13.517707192405986,43.6,1.791,75.22,Medium,0.25,70.24,0.1542
Metal Fabrication,Small,75091,128694,14083,819,82897,3847,93.56,27.6,2.19,4.96,128.31,1.71,3.64,4.64,Electricity,Natural Gas,53412,20,Smart Metering,Medium,85.2,3.9176884788151027,2.7232810164424515,1.0370697263901147,3.413654618473896,11.09,1.709,76.99,Low,0.05,6.42,0.1202
Paper & Pulp,Small,51424,116536,16689,1699,62852,1360,84.72,32.71,4.55,1.75,123.73,2.41,5.68,2.16,Electricity,Natural Gas,126929,15,Solar Rooftop,Low,73.4,3.381085346606774,3.518933731938216,3.640776699029126,0.48375319459656807,11.02,2.406,61.95,Low,0.25,30.93,0.2437
Paper & Pulp,Large,250640,426251,52525,3940,231628,12444,309.88,102.95,10.56,16.05,439.44,1.75,3.87,5.37,Electricity,Natural Gas,355811,35,Compressed Air Optimization,Low,83.0,17.048682772854196,14.455655206776283,10.271403353927626,13.535962029937934,55.31,1.753,76.04,Medium,0.12,52.73,0.1482
Cement,Large,236776,566342,87074,6643,192199,10864,411.73,170.67,17.8,14.01,614.21,2.59,6.21,5.65,Electricity,Natural Gas,490248,20,LED Lighting,High,92.3,23.231152118489742,25.0,18.259046778464256,11.673968601679444,78.16,2.594,57.89,Medium,0.08,49.14,0.1002
Steel,Medium,201374,181991,40621,2892,143724,4412,132.31,79.62,7.75,5.69,225.37,1.12,2.99,3.07,Electricity,Natural Gas,150410,35,Compressed Air Optimization,Low,88.9,6.26987981061066,10.823056801195815,7.171226831421006,4.079956188389923,28.34,1.119,89.73,Medium,0.12,27.04,0.1798
Cement,Small,89098,95904,13899,2019,100039,4350,69.72,27.24,5.41,5.61,107.98,1.21,2.75,4.35,Electricity,Natural Gas,53863,20,VFD Installation,Low,66.8,2.470559669782688,2.6672272047832584,4.5895851721094445,4.00693683826214,13.73,1.212,87.72,Low,0.12,12.96,0.2406
Glass,Medium,140217,151096,33985,2901,117507,7001,109.85,66.61,7.77,9.03,193.26,1.38,3.6,5.96,Electricity,Natural Gas,257669,30,HVAC Optimization,High,97.0,4.90651936384606,8.79733432984554,7.193292144748455,7.128514056224899,28.03,1.378,84.14,Medium,0.1,19.33,0.075
Glass,Medium,164808,182042,33281,3146,96591,4811,132.34,65.23,8.43,6.21,212.21,1.29,3.22,4.98,Electricity,Natural Gas,191851,10,Power Factor Correction,High,96.0,6.271700861964308,8.582461385151968,7.921447484554281,4.554581964220518,27.33,1.288,86.08,Low,0.07,14.85,0.0774
Paper & Pulp,Large,297871,346546,56786,6249,289611,16081,251.94,111.3,16.75,20.74,400.73,1.35,3.17,5.55,Electricity,Natural Gas,428488,25,IE4 Motor,Medium,83.4,13.531625591841689,15.755792227204783,17.100617828773167,17.81672143117926,64.2,1.345,84.85,Medium,0.15,60.11,0.1403
Cement,Large,228279,404234,49914,8509,187084,18626,293.88,97.83,22.8,24.03,438.54,1.92,4.14,9.96,Electricity,Natural Gas,333031,30,Solar Rooftop,High,84.5,16.077455384241834,13.658445440956651,23.775375110326564,20.819642205184373,74.33,1.921,72.42,High,0.25,109.64,0.3292
Glass,Medium,126272,231183,20921,2317,103330,7058,168.07,41.01,6.21,9.1,224.39,1.78,3.58,6.83,Electricity,Natural Gas,190754,20,VFD Installation,High,95.7,8.44057302415928,4.811285500747384,5.472197705207414,7.19240598758671,25.92,1.777,75.52,Low,0.12,26.93,0.1412
Ceramics,Large,299779,385431,58448,6547,196947,12071,280.21,114.56,17.55,15.57,427.89,1.43,3.34,6.13,Electricity,Natural Gas,380779,25,IE4 Motor,Medium,89.3,15.24766298409615,16.263390632785253,17.98323036187114,13.097845929171228,62.59,1.427,83.08,Medium,0.15,64.18,0.1685
Food Processing,Small,76152,58084,6915,538,48758,2775,42.23,13.55,1.44,3.58,60.8,0.8,1.71,5.69,Electricity,Natural Gas,78459,15,HVAC Optimization,Low,75.6,0.8018696127230786,0.535625311410065,0.20962047661076783,2.154070828769624,3.7,0.798,96.65,Low,0.1,6.08,0.0775
Pharmaceutical,Large,265479,421621,46740,4031,203222,14116,306.52,91.61,10.8,18.21,427.14,1.61,3.42,6.95,Electricity,Natural Gas,372182,35,VFD Installation,Medium,65.0,16.844725021245598,12.689960139511708,10.536187113857018,15.507484483388097,55.58,1.609,79.15,Medium,0.12,51.26,0.1377
Paper & Pulp,Small,61097,84736,19306,1483,76492,3492,61.6,37.84,3.97,4.5,107.91,1.77,4.67,4.57,Electricity,Natural Gas,87162,30,HVAC Optimization,High,83.2,1.9776617700619157,4.3177005480817146,3.000882612533098,2.9937933552391387,12.29,1.766,75.76,Medium,0.1,10.79,0.1238
Paper & Pulp,Large,358157,475928,80175,7657,303098,17577,346.0,157.14,20.52,22.67,546.33,1.53,3.67,5.8,Electricity,Natural Gas,504084,15,LED Lighting,High,61.2,19.241228602646597,22.893310911808666,21.25992939099735,19.578313253012052,82.97,1.525,80.96,Medium,0.08,43.71,0.0867
Paper & Pulp,Small,66079,82859,11436,860,72564,1759,60.24,22.41,2.3,2.27,87.22,1.32,3.05,2.42,Electricity,Natural Gas,87763,25,VFD Installation,High,77.6,1.8951074420298653,1.9151718983557549,1.1584289496910853,0.9583789704271632,5.93,1.32,85.39,Medium,0.12,10.47,0.1193
Metal Fabrication,Medium,150728,206039,22473,3069,129845,6421,149.79,44.05,8.22,8.28,210.34,1.4,2.96,4.95,Electricity,Natural Gas,278222,20,Energy Audit,Low,70.0,7.330945732669661,5.28462879920279,7.689761694616064,6.443957648776926,26.75,1.395,83.77,Low,0.1,21.03,0.0756
Chemical,Large,299896,253076,62554,7171,273331,9728,183.99,122.61,19.22,12.55,338.37,1.13,3.05,3.56,Electricity,Natural Gas,397521,20,VFD Installation,High,88.2,9.406944275828579,17.516816143497756,19.82568402471315,10.341365461847388,57.09,1.128,89.53,Medium,0.12,40.6,0.1021
Food Processing,Large,256945,352446,40824,4568,241210,11167,256.23,80.02,12.24,14.41,362.9,1.41,3.05,4.63,Electricity,Natural Gas,406881,10,Energy Audit,Medium,60.9,13.792035935413377,10.885338814150472,12.124889673433364,12.039065352318364,48.84,1.412,83.4,Low,0.1,36.29,0.0892
Leather,Medium,89384,157179,25759,2408,83206,5028,114.27,50.49,6.45,6.49,177.7,1.99,4.78,6.04,Electricity,Natural Gas,252746,10,LED Lighting,Medium,98.8,5.174820929950225,6.287369207772795,5.736981465136805,4.810149689667762,22.01,1.988,70.97,Low,0.08,14.22,0.0563
Cement,Medium,174952,259536,36117,3147,116886,4740,188.68,70.79,8.43,6.11,274.01,1.57,3.64,4.06,Electricity,Natural Gas,260697,10,Smart Metering,High,81.6,9.691635304115575,9.448181365221725,7.921447484554281,4.463307776560789,31.52,1.566,80.08,Low,0.05,13.7,0.0526
Plastics,Small,52953,76148,10684,930,46653,3397,55.36,20.94,2.49,4.38,83.17,1.57,3.54,7.28,Electricity,Natural Gas,67069,35,Smart Metering,High,61.1,1.5988830885030958,1.6862855007473845,1.3680494263018537,2.8842643300474626,7.54,1.571,79.97,Medium,0.05,4.16,0.062
Automotive Parts,Large,173204,352026,69537,4659,226083,14330,255.92,136.29,12.49,18.49,423.19,2.44,6.18,6.34,Electricity,Natural Gas,434121,15,Solar Rooftop,Low,97.7,13.773218404759014,19.646860986547086,12.400706090026478,15.76305220883534,61.58,2.443,61.15,Medium,0.25,105.8,0.2437
Pharmaceutical,Medium,150745,190594,27619,3137,123062,4185,138.56,54.13,8.41,5.4,206.5,1.37,3.2,3.4,Electricity,Natural Gas,274956,20,Smart Metering,Medium,91.2,6.649265509287362,6.8541355256601895,7.899382171226832,3.815261044176707,25.22,1.37,84.31,Low,0.05,10.32,0.0375
Chemical,Large,188314,253392,54430,6181,144757,12246,184.22,106.68,16.57,15.8,323.27,1.72,4.4,8.46,Electricity,Natural Gas,550107,15,Solar Rooftop,High,95.9,9.420905669539879,15.036434977578475,16.902030008826124,13.307776560788609,54.67,1.717,76.82,Medium,0.25,80.82,0.1469
Steel,Medium,159005,230795,33600,2739,101525,4348,167.79,65.86,7.34,5.61,246.6,1.55,3.65,4.28,Electricity,Natural Gas,288112,15,IE4 Motor,High,98.0,8.423576544858562,8.680555555555555,6.718887908208296,4.00693683826214,27.83,1.551,80.4,Low,0.15,36.99,0.1284
Metal Fabrication,Medium,104143,156861,20247,3313,89902,5669,114.04,39.68,8.88,7.31,169.91,1.63,3.61,6.31,Electricity,Natural Gas,265856,35,Compressed Air Optimization,Medium,78.8,5.160859536238922,4.604197807673144,8.41791703442189,5.558598028477546,23.74,1.632,78.65,Medium,0.12,20.39,0.0767
Pharmaceutical,Large,245061,323034,41065,5911,139485,10107,234.85,80.49,15.84,13.04,344.22,1.4,3.11,7.25,Electricity,Natural Gas,330917,30,HVAC Optimization,Low,86.1,12.494233337380113,10.958520179372197,16.096646072374227,10.788608981380063,50.34,1.405,83.55,Medium,0.1,34.42,0.104
Automotive Parts,Medium,146056,165820,29904,2500,135604,3459,120.55,58.61,6.7,4.46,190.32,1.3,3.27,2.55,Electricity,Natural Gas,241614,10,Compressed Air Optimization,High,81.6,5.556027679980575,7.551694070752367,6.012797881729921,2.9572836801752467,22.08,1.303,85.75,Low,0.12,22.84,0.0945
Leather,Medium,119775,164135,27090,2251,88627,3539,119.33,53.1,6.03,4.57,183.03,1.53,3.73,3.99,Electricity,Natural Gas,205585,25,Smart Metering,Low,87.4,5.481971591598883,6.693759342301943,5.273609885260371,3.05768528660095,20.51,1.528,80.9,Medium,0.05,9.15,0.0445
Pharmaceutical,Large,246320,303479,63169,3319,267865,10963,220.63,123.81,8.89,14.14,367.47,1.49,3.86,4.09,Electricity,Natural Gas,327472,30,Compressed Air Optimization,High,89.9,11.631054995750878,17.703662182361736,8.428949691085615,11.792625045637093,49.56,1.492,81.67,Medium,0.12,44.1,0.1347
Paper & Pulp,Small,78826,88240,6314,1854,63462,1670,64.15,12.38,4.97,2.15,83.65,1.06,2.04,2.63,Electricity,Natural Gas,86538,20,Solar Rooftop,Low,92.2,2.132451135122011,0.3534504235176883,4.10414827890556,0.8488499452354874,7.44,1.061,90.98,Low,0.25,20.91,0.2416
Ceramics,Medium,167038,214411,27285,2655,102351,4724,155.88,53.48,7.12,6.09,222.57,1.33,3.0,4.62,Electricity,Natural Gas,290635,10,Energy Audit,Medium,87.1,7.700619157460239,6.752927254608869,6.4761694616063545,4.445052939028843,25.37,1.332,85.13,Low,0.1,22.26,0.0766
Automotive Parts,Large,285961,390837,64024,5765,186359,9024,284.14,125.49,15.45,11.64,436.72,1.53,3.71,4.84,Electricity,Natural Gas,546291,30,Smart Metering,Medium,97.4,15.486220711424059,17.965246636771298,15.666372462488967,9.510770354143848,58.63,1.527,80.92,Medium,0.05,21.84,0.04
Leather,Large,195895,355510,35919,3354,164776,9156,258.46,70.4,8.99,11.81,349.66,1.78,3.73,5.56,Electricity,Natural Gas,579852,15,Smart Metering,High,66.5,13.927400752701224,9.387456402590932,8.53927625772286,9.665936473165388,41.52,1.785,75.35,Low,0.05,17.48,0.0301
Pharmaceutical,Large,195659,422516,49568,4068,156876,9923,307.17,97.15,10.9,12.8,428.02,2.19,4.8,6.33,Electricity,Natural Gas,484448,25,IE4 Motor,Medium,60.8,16.884181133907976,13.552566018933732,10.646513680494262,10.569550930996714,51.65,2.188,66.65,Medium,0.15,64.2,0.1325
Ceramics,Medium,167341,225648,27368,3137,121466,6395,164.05,53.64,8.41,8.25,234.35,1.4,3.08,5.26,Electricity,Natural Gas,153256,10,Compressed Air Optimization,Medium,86.2,8.196552142770425,6.777840059790733,7.899382171226832,6.416575392479007,29.29,1.4,83.66,Low,0.12,28.12,0.1835
Food Processing,Medium,125010,165380,15899,1658,116791,4200,120.23,31.16,4.44,5.42,161.25,1.29,2.66,3.6,Electricity,Natural Gas,276757,30,Solar Rooftop,Medium,80.0,5.536603132208329,3.277590931738914,3.5194174757281558,3.833515881708653,16.17,1.29,86.03,Medium,0.25,40.31,0.1457
Metal Fabrication,Small,36642,101696,7876,1347,67330,3614,73.93,15.44,3.61,4.66,97.64,2.66,5.11,5.37,Electricity,Natural Gas,135503,10,LED Lighting,Low,85.7,2.7261138764113153,0.8299078226208271,2.6037069726390114,3.139832055494706,9.3,2.665,56.36,Low,0.08,7.81,0.0576
Metal Fabrication,Small,61707,140351,17040,1222,77763,3005,102.04,33.4,3.27,3.88,142.59,2.31,5.13,3.86,Electricity,Natural Gas,57420,25,IE4 Motor,Medium,64.8,4.432438994779654,3.6263702042850023,2.2285966460723743,2.4278933917488135,12.72,2.311,64.0,Medium,0.15,21.39,0.3725
Steel,Small,95327,89762,7158,691,78451,3514,65.26,14.03,1.85,4.53,85.67,0.9,1.73,4.48,Electricity,Natural Gas,122496,25,IE4 Motor,Medium,82.1,2.1998300352069933,0.6103637269556552,0.6619593998234776,3.021175611537058,6.49,0.899,94.47,Medium,0.15,12.85,0.1049
Chemical,Large,297294,358692,52776,5300,185463,18222,260.77,103.44,14.2,23.51,401.92,1.35,3.07,9.83,Electricity,Natural Gas,418991,20,IE4 Motor,Medium,84.1,14.067621706932131,14.531950672645738,14.287290379523387,20.34501642935378,63.23,1.352,84.7,Medium,0.15,60.29,0.1439
Pharmaceutical,Small,44588,84024,15840,1215,43569,2459,61.09,31.05,3.26,3.17,98.57,2.21,5.57,5.64,Electricity,Natural Gas,84299,25,Energy Audit,Medium,93.2,1.946703897049897,3.2604633781763828,2.2175639894086494,1.7798466593647315,9.2,2.211,66.16,Medium,0.1,9.86,0.117
Pharmaceutical,Small,83025,61038,16259,1537,36968,2334,44.37,31.87,4.12,3.01,83.37,1.0,2.79,6.31,Electricity,Natural Gas,107417,10,Power Factor Correction,Medium,87.8,0.9317712759499817,3.388141504733433,3.166372462488967,1.6338079591091637,9.12,1.004,92.21,Low,0.07,5.84,0.0544
Paper & Pulp,Small,27432,98529,13262,1144,83911,3745,71.63,25.99,3.07,4.83,105.52,3.85,8.63,4.46,Electricity,Natural Gas,124659,35,LED Lighting,Low,69.6,2.5864999392982884,2.47259591429995,2.0079435127978815,3.294998174516247,10.36,3.847,30.84,Medium,0.08,8.44,0.0677
Chemical,Small,25669,115825,13134,1310,77864,3413,84.2,25.74,3.51,4.4,117.85,4.59,9.88,4.38,Electricity,Natural Gas,99002,10,Solar Rooftop,Medium,84.2,3.3495204564768724,2.4336696562032882,2.4933804060017652,2.902519167579409,11.18,4.591,14.79,Low,0.25,29.46,0.2976
Ceramics,Medium,98241,176577,32756,3298,82383,5950,128.37,64.2,8.84,7.68,209.09,2.13,5.3,7.22,Electricity,Natural Gas,179492,35,VFD Installation,Low,97.3,6.030715066164866,8.422085201793722,8.37378640776699,5.896312522818547,28.72,2.128,67.95,Medium,0.12,25.09,0.1398
Steel,Medium,159525,193571,32229,4158,152133,5548,140.73,63.17,11.14,7.16,222.2,1.39,3.36,3.65,Electricity,Natural Gas,173988,15,Smart Metering,Medium,100.0,6.780988223867912,8.261709018435475,10.911297440423654,5.421686746987952,31.38,1.393,83.81,Low,0.05,11.11,0.0639
Leather,Small,50878,82811,7485,1310,56891,2263,60.2,14.67,3.51,2.92,81.3,1.6,3.23,3.98,Electricity,Natural Gas,106364,25,Solar Rooftop,High,81.3,1.8926793735583345,0.7100149476831092,2.4933804060017652,1.551661190215407,6.65,1.598,79.39,Medium,0.25,20.32,0.191
Steel,Large,377312,398616,70397,5364,298222,13770,289.79,137.98,14.38,17.76,459.91,1.22,2.99,4.62,Electricity,Natural Gas,585253,15,Energy Audit,Medium,84.8,15.829185383027802,19.910002491280515,14.485878199470434,15.096750638919316,65.32,1.219,87.57,Medium,0.1,45.99,0.0786
Chemical,Medium,170377,217722,18414,3274,136377,5709,158.28,36.09,8.77,7.36,210.5,1.24,2.45,4.19,Electricity,Natural Gas,200459,15,Smart Metering,High,64.8,7.846303265752093,4.045216741405082,8.296557811120918,5.604235122307412,25.79,1.235,87.22,Low,0.05,10.52,0.0525
Food Processing,Small,75074,75972,10533,1005,50228,1232,55.23,20.64,2.69,1.59,80.15,1.07,2.48,2.45,Electricity,Natural Gas,137875,15,IE4 Motor,High,99.9,1.5909918659706201,1.6395739910313905,1.5887025595763458,0.3377144943410004,5.16,1.068,90.83,Low,0.15,12.02,0.0872
Metal Fabrication,Large,334986,296880,41441,5822,221413,8943,215.83,81.22,15.6,11.54,324.19,0.97,2.21,4.04,Electricity,Natural Gas,556619,10,VFD Installation,High,74.1,11.339686779167172,11.07218485301445,15.831862312444835,9.419496166484116,47.66,0.968,92.99,Low,0.12,38.9,0.0699
Chemical,Small,63111,66408,11858,1613,46902,3072,48.28,23.24,4.32,3.96,79.8,1.26,3.06,6.55,Electricity,Natural Gas,63122,20,IE4 Motor,Medium,93.3,1.169114969042127,2.0444070752366716,3.38702559576346,2.5009127418765975,9.1,1.264,86.6,Low,0.15,11.97,0.1896
Plastics,Medium,123723,194626,36377,2102,105650,5806,141.49,71.3,5.63,7.49,225.91,1.83,4.6,5.5,Electricity,Natural Gas,296079,30,IE4 Motor,Low,72.2,6.827121524827001,9.527590931738914,4.832303618711386,5.72289156626506,26.91,1.826,74.47,Medium,0.15,33.89,0.1145
Food Processing,Small,23802,68819,13158,997,64528,2457,50.03,25.79,2.67,3.17,81.66,3.43,8.63,3.81,Electricity,Natural Gas,98003,30,Compressed Air Optimization,Medium,77.2,1.2753429646716037,2.441454907822621,1.5666372462488964,1.7798466593647315,7.06,3.431,39.82,Medium,0.12,9.8,0.1
Plastics,Medium,154816,177549,29401,1964,88706,4622,129.08,57.63,5.26,5.96,197.93,1.28,3.11,5.21,Electricity,Natural Gas,197438,20,Solar Rooftop,Medium,87.4,6.07381328153454,7.399103139013453,4.424095322153574,4.326396495071194,22.22,1.278,86.29,Low,0.25,49.48,0.2506
Automotive Parts,Medium,137701,161952,25205,1858,130209,5538,117.74,49.4,4.98,7.14,179.26,1.3,3.07,4.25,Electricity,Natural Gas,202290,15,Smart Metering,Low,95.7,5.385455869855529,6.1176507224713506,4.115180935569286,5.403431909456006,21.02,1.302,85.78,Low,0.05,8.96,0.0443
Plastics,Small,93913,50871,8183,1370,69928,2891,36.98,16.04,3.67,3.73,60.42,0.64,1.49,4.13,Electricity,Natural Gas,98707,30,IE4 Motor,High,99.6,0.48318562583464836,0.9233308420528151,2.669902912621359,2.2909821102592187,6.37,0.643,100.0,Medium,0.15,9.06,0.0918
Leather,Medium,147499,144161,19325,2307,103920,5765,104.81,37.88,6.18,7.44,156.31,1.06,2.37,5.55,Electricity,Natural Gas,276926,25,IE4 Motor,Medium,82.3,4.600582736433168,4.32392874937718,5.43909973521624,5.677254472435195,20.04,1.06,91.0,Medium,0.15,23.45,0.0847
Paper & Pulp,Large,197674,483555,65807,6845,272444,19449,351.54,128.98,18.34,25.09,523.95,2.65,5.95,7.14,Electricity,Natural Gas,586221,20,Smart Metering,Low,84.9,19.577516085953626,18.508657199800695,18.854810238305383,21.787148594377513,78.73,2.651,56.66,Medium,0.05,26.2,0.0447
Leather,Small,41883,46231,15575,1565,39784,1792,33.61,30.53,4.19,2.31,70.64,1.69,5.01,4.5,Electricity,Natural Gas,90242,15,LED Lighting,Medium,93.9,0.2786208571081704,3.1794967613353267,3.24360105913504,0.9948886454910553,7.7,1.687,77.47,Low,0.08,5.65,0.0626
Leather,Medium,131214,206938,19947,2762,107250,4309,150.44,39.1,7.4,5.56,202.5,1.54,3.2,4.02,Electricity,Natural Gas,213983,10,Power Factor Correction,Medium,77.5,7.3704018453320375,4.513888888888888,6.785083848190644,3.9612997444322744,22.63,1.543,80.57,Low,0.07,14.18,0.0663
Cement,Large,280129,328826,63794,8921,198154,12073,239.06,125.04,23.91,15.57,403.58,1.44,3.61,6.09,Electricity,Natural Gas,585734,30,Solar Rooftop,Low,94.6,12.74978754400874,17.89517937219731,25.0,13.097845929171228,68.74,1.441,82.78,Medium,0.25,100.9,0.1723
Plastics,Medium,110737,236273,19723,2630,115460,5649,171.77,38.66,7.05,7.29,224.77,2.03,4.03,4.89,Electricity,Natural Gas,173756,10,Solar Rooftop,High,89.7,8.665169357775888,4.445378674638764,6.398940864960283,5.540343190945601,25.05,2.03,70.06,Low,0.25,56.19,0.3234
Leather,Medium,114669,164201,27980,2100,79290,4955,119.37,54.84,5.63,6.39,186.23,1.62,3.96,6.25,Electricity,Natural Gas,209054,10,VFD Installation,High,94.9,5.484399660070414,6.964686098654709,4.832303618711386,4.718875502008032,22.0,1.624,78.83,Low,0.12,22.35,0.1069
Metal Fabrication,Large,245927,489653,64914,4998,163446,9093,355.98,127.23,13.39,11.73,508.33,2.07,4.73,5.56,Electricity,Natural Gas,559838,30,LED Lighting,Medium,74.4,19.847031686293555,18.236173393124066,13.393645189761697,9.592917123037605,61.07,2.067,69.26,Medium,0.08,40.67,0.0726
Chemical,Medium,144106,143180,32977,2347,142018,6941,104.09,64.63,6.29,8.95,183.96,1.28,3.36,4.89,Electricity,Natural Gas,182731,35,Solar Rooftop,Low,95.4,4.5568775039456115,8.48903836571998,5.560458958517211,7.055494706097115,25.66,1.277,86.32,Medium,0.25,45.99,0.2517
Textile,Small,42559,79933,12435,686,62630,1626,58.11,24.37,1.84,2.1,86.42,2.03,4.88,2.6,Electricity,Natural Gas,63061,15,Power Factor Correction,Low,82.6,1.7658127959208447,2.2203537618335827,0.650926743159753,0.8032128514056226,5.44,2.031,70.04,Low,0.07,6.05,0.0959
Plastics,Small,45870,149970,7445,1387,43660,3146,109.03,14.59,3.72,4.06,131.4,2.86,5.04,7.21,Electricity,Natural Gas,134045,20,VFD Installation,High,88.8,4.856743960179677,0.6975585450921774,2.7250661959399824,2.592186929536327,10.87,2.865,52.04,Low,0.12,15.77,0.1176
Plastics,Small,26812,114391,8911,1025,73515,2042,83.16,17.47,2.75,2.63,106.01,3.95,7.78,2.78,Electricity,Natural Gas,145502,10,VFD Installation,Low,76.0,3.2863906762170694,1.1459890383657199,1.654898499558694,1.2869660460021903,7.37,3.954,28.53,Low,0.12,12.72,0.0874
Chemical,Large,210058,359605,55537,4407,291920,7884,261.43,108.85,11.81,10.17,392.26,1.87,4.46,2.7,Electricity,Natural Gas,527366,35,IE4 Motor,High,83.2,14.107684836712394,15.374314897857497,11.650485436893204,8.169039795545817,49.3,1.867,73.58,Medium,0.15,58.84,0.1116
Paper & Pulp,Small,39757,149377,15357,712,58940,2175,108.6,30.1,1.91,2.81,143.42,3.61,7.71,3.69,Electricity,Natural Gas,107675,10,Compressed Air Optimization,Medium,66.6,4.830642224110719,3.1125435974090685,0.7281553398058251,1.4512595837897042,10.12,3.607,36.02,Low,0.12,17.21,0.1598
Textile,Medium,104898,153487,22752,2896,123178,5554,111.59,44.59,7.76,7.16,171.1,1.63,3.77,4.51,Electricity,Natural Gas,229981,25,HVAC Optimization,High,88.1,5.012140342357655,5.36870951669158,7.18225948808473,5.421686746987952,22.98,1.631,78.67,Medium,0.1,17.11,0.0744
Glass,Small,24975,130053,15986,1070,59234,2344,94.55,31.33,2.87,3.02,131.77,5.28,11.82,3.96,Electricity,Natural Gas,129540,25,IE4 Motor,High,89.5,3.977783173485492,3.3040607872446435,1.7872903795233894,1.642935377875137,10.71,5.276,0.0,Medium,0.15,19.77,0.1526
Food Processing,Medium,80614,196840,24402,2200,113682,3472,143.1,47.83,5.9,4.48,201.31,2.5,5.61,3.05,Electricity,Natural Gas,229133,25,Power Factor Correction,High,98.3,6.924851280806118,5.873193821624315,5.130185348631951,2.975538517707193,20.9,2.497,59.98,Medium,0.07,14.09,0.0615
Metal Fabrication,Small,44113,58025,9549,1120,72350,1872,42.18,18.72,3.0,2.41,66.31,1.5,3.61,2.59,Electricity,Natural Gas,91369,35,LED Lighting,Low,66.4,0.7988345271336652,1.3406203288490282,1.9307149161518093,1.086162833150785,5.16,1.503,81.44,Medium,0.08,5.3,0.058
Paper & Pulp,Medium,122917,174307,23462,2825,97311,7687,126.72,45.99,7.57,9.92,190.2,1.55,3.44,7.9,Electricity,Natural Gas,175758,30,Energy Audit,High,66.6,5.930557241714216,5.586696562032886,6.972639011473963,7.940854326396495,26.43,1.547,80.49,Medium,0.1,19.02,0.1082
Plastics,Medium,149188,233843,34224,3242,102326,6672,170.0,67.08,8.69,8.61,254.38,1.71,3.97,6.52,Electricity,Natural Gas,183870,35,Compressed Air Optimization,High,68.1,8.557727327910646,8.870515695067265,8.20829655781112,6.745162468054033,32.38,1.705,77.08,Medium,0.12,30.53,0.166
Glass,Large,257326,275431,66172,6380,173988,11575,200.24,129.7,17.1,14.93,361.97,1.41,3.77,6.65,Electricity,Natural Gas,557305,10,IE4 Motor,Low,92.5,10.393347092388003,18.62076482311908,17.48676081200353,12.513691128148958,59.01,1.407,83.51,Medium,0.15,54.3,0.0974
Plastics,Small,42510,123721,9361,759,67339,1701,89.95,18.35,2.03,2.19,112.52,2.65,5.2,2.53,Electricity,Natural Gas,107446,10,Compressed Air Optimization,Medium,91.3,3.6985552992594393,1.2830094668659693,0.8605472197705206,0.8853596202993794,6.73,2.647,56.75,Low,0.12,13.5,0.1256
Pharmaceutical,Medium,132577,168591,28054,1799,127018,5602,122.57,54.99,4.82,7.23,189.61,1.43,3.46,4.41,Electricity,Natural Gas,240367,20,Smart Metering,Low,67.8,5.678645137792885,6.988041853512705,3.9386584289496915,5.485578678349763,22.09,1.43,83.01,Low,0.05,9.48,0.0394
Electronics,Medium,126374,156966,26212,1890,95369,4208,114.11,51.38,5.07,5.43,175.99,1.39,3.39,4.41,Electricity,Natural Gas,207489,20,Energy Audit,Low,71.1,5.165108656064101,6.4259466865969115,4.214474845542807,3.8426433004746254,19.65,1.393,83.81,Low,0.1,17.6,0.0848
Paper & Pulp,Large,254957,493375,49321,5982,271716,19618,358.68,96.67,16.03,25.31,496.69,1.95,3.99,7.22,Electricity,Natural Gas,385330,20,Compressed Air Optimization,High,81.2,20.01092630812189,13.477827603388143,16.306266548984997,21.987951807228914,71.78,1.948,71.83,Medium,0.12,59.6,0.1547
Metal Fabrication,Large,236086,398475,54309,6828,182152,12434,289.69,106.45,18.3,16.04,430.48,1.82,4.13,6.83,Electricity,Natural Gas,441242,10,HVAC Optimization,Low,97.8,15.823115211848974,15.000622820129546,18.810679611650485,13.526834611171958,63.16,1.823,74.53,Medium,0.1,43.05,0.0976
Food Processing,Small,27595,48115,6665,1387,46421,1674,34.98,13.06,3.72,2.16,53.92,1.95,4.41,3.61,Electricity,Natural Gas,73124,20,VFD Installation,Low,95.9,0.3617822022581035,0.459329845540608,2.7250661959399824,0.8579773640014604,4.4,1.954,71.7,Low,0.12,6.47,0.0885
Plastics,Small,25365,51212,10768,1177,37778,2690,37.23,21.11,3.15,3.47,64.96,2.56,6.5,7.12,Electricity,Natural Gas,91980,15,HVAC Optimization,High,97.9,0.4983610537817164,1.712755356253114,2.0962047661076784,2.0536692223439212,6.36,2.561,58.6,Low,0.1,6.5,0.0707
Plastics,Large,201661,415999,62110,6654,258069,7506,302.43,121.74,17.83,9.68,451.68,2.24,5.31,2.91,Electricity,Natural Gas,544579,20,Compressed Air Optimization,Low,86.0,16.596455020031563,17.381352765321374,18.292144748455428,7.721796276013143,59.99,2.24,65.53,Medium,0.12,54.2,0.0995
Electronics,Small,56845,39943,13904,1402,45684,2660,29.04,27.25,3.76,3.43,63.48,1.12,3.27,5.82,Electricity,Natural Gas,109973,35,HVAC Optimization,High,82.2,0.0012140342357654227,2.6687842551071252,2.7691968225948806,2.017159547280029,7.46,1.117,89.77,Medium,0.1,6.35,0.0577
Paper & Pulp,Medium,155392,237303,26237,2243,111148,5827,172.52,51.42,6.01,7.52,237.47,1.53,3.29,5.24,Electricity,Natural Gas,175107,20,Power Factor Correction,Low,73.4,8.710695641617093,6.432174887892376,5.2515445719329215,5.7502738225629795,26.14,1.528,80.9,Low,0.07,16.62,0.0949
Textile,Large,209933,313752,54901,4241,248933,8043,228.1,107.61,11.37,10.38,357.46,1.7,4.21,3.23,Electricity,Natural Gas,332829,25,Energy Audit,Medium,99.9,12.084496782809273,15.181240657698055,11.16504854368932,8.360715589631253,46.79,1.703,77.12,Medium,0.1,35.75,0.1074
Glass,Medium,141901,179713,32054,2730,132738,6044,130.65,62.83,7.32,7.8,208.6,1.47,3.62,4.55,Electricity,Natural Gas,212595,25,Solar Rooftop,Low,62.4,6.169114969042127,8.208769307424015,6.696822594880849,6.005841548010222,27.08,1.47,82.15,Medium,0.25,52.15,0.2453
Paper & Pulp,Medium,165582,240442,26967,2725,140212,5341,174.8,52.86,7.3,6.89,241.85,1.46,3.16,3.81,Electricity,Natural Gas,189283,15,Energy Audit,Medium,84.5,8.849095544494354,6.656390134529149,6.674757281553398,5.175246440306681,27.36,1.461,82.34,Low,0.1,24.18,0.1277
Electronics,Small,32027,76480,13826,549,58379,1651,55.6,27.1,1.47,2.13,86.3,2.69,6.79,2.83,Electricity,Natural Gas,91685,30,LED Lighting,High,86.0,1.6134514993322813,2.6454285002491282,0.24271844660194172,0.8305951077035414,5.33,2.695,55.71,Medium,0.08,6.9,0.0753
Cement,Large,389163,319909,75317,8412,235183,20108,232.57,147.62,22.54,25.94,428.67,1.1,2.87,8.55,Electricity,Natural Gas,311701,20,Smart Metering,Medium,67.5,12.355833434502852,21.41099900348779,23.488526037069725,22.562979189485215,79.82,1.102,90.09,Medium,0.05,21.43,0.0688
Steel,Large,240505,305670,43512,5450,229693,8774,222.22,85.28,14.61,11.32,333.43,1.39,3.19,3.82,Electricity,Natural Gas,487427,30,IE4 Motor,Low,91.3,11.727570717494231,11.704347284504236,14.739629302736098,9.218692953632711,47.39,1.386,83.96,Medium,0.15,50.01,0.1026
Electronics,Medium,81834,159872,26561,1993,91864,3625,116.23,52.06,5.34,4.68,178.31,2.18,5.32,3.95,Electricity,Natural Gas,179137,15,Smart Metering,Low,61.0,5.293796285055239,6.531826108619832,4.512356575463372,3.158086893026652,19.5,2.179,66.85,Low,0.05,8.92,0.0498
Electronics,Small,42947,105561,13330,1176,47397,1052,76.74,26.13,3.15,1.36,107.38,2.5,5.7,2.22,Electricity,Natural Gas,108580,20,LED Lighting,Medium,76.6,2.89668568653636,2.4943946188340806,2.0962047661076784,0.12778386272362188,7.62,2.5,59.92,Low,0.08,8.59,0.0791
Cement,Small,103905,97443,8043,1015,61869,2113,70.84,15.76,2.72,2.73,92.05,0.89,1.76,3.42,Electricity,Natural Gas,93849,30,Energy Audit,High,75.1,2.538545586985553,0.879733432984554,1.62180052956752,1.3782402336619204,6.42,0.886,94.76,Medium,0.1,9.2,0.098
Chemical,Large,220850,343309,64956,5968,171392,10223,249.59,127.31,15.99,13.19,406.08,1.84,4.63,5.96,Electricity,Natural Gas,422920,10,HVAC Optimization,High,74.1,13.388976569139249,18.248629795714997,16.2621359223301,10.925520262869659,58.83,1.839,74.19,Medium,0.1,40.61,0.096
Plastics,Large,300420,301749,64640,7121,153620,17909,219.37,126.69,19.08,23.1,388.24,1.29,3.27,11.66,Electricity,Natural Gas,492036,15,Energy Audit,High,74.5,11.554570838897655,18.152092675635277,19.671226831421006,19.970792259948887,69.35,1.292,85.99,Medium,0.1,38.82,0.0789
Plastics,Large,182925,372099,52786,5593,216129,6908,270.52,103.46,14.99,8.91,397.88,2.18,5.07,3.2,Electricity,Natural Gas,324942,35,Energy Audit,High,80.3,14.659463396867789,14.53506477329347,15.158870255957634,7.018985031033225,51.37,2.175,66.93,Medium,0.1,39.79,0.1225
Leather,Small,36417,119863,15631,1167,39463,2667,87.14,30.64,3.13,3.44,124.35,3.41,7.74,6.76,Electricity,Natural Gas,55762,15,Compressed Air Optimization,Low,65.7,3.5279834891343937,3.196624314897858,2.0741394527802295,2.026286966046002,10.83,3.415,40.17,Low,0.12,14.92,0.2676
Cement,Medium,208114,272083,32735,3317,151390,7689,197.8,64.16,8.89,9.92,280.77,1.35,2.96,5.08,Electricity,Natural Gas,159644,25,IE4 Motor,High,96.1,10.24523491562462,8.415857000498256,8.428949691085615,7.940854326396495,35.03,1.349,84.76,Medium,0.15,42.12,0.2638
Steel,Small,73192,133413,20622,1669,42196,2659,96.99,40.42,4.47,3.43,145.31,1.99,4.75,6.3,Electricity,Natural Gas,74505,20,Compressed Air Optimization,Medium,73.9,4.125895350248877,4.719419531639263,3.5525154457193286,2.017159547280029,14.41,1.985,71.03,Low,0.12,17.44,0.2341
Metal Fabrication,Large,314591,367572,77696,6167,252878,9393,267.22,152.28,16.53,12.12,448.15,1.42,3.74,3.71,Electricity,Natural Gas,465482,20,VFD Installation,High,67.9,14.459147747966494,22.13658445440957,16.85789938217123,9.94888645491055,63.4,1.425,83.12,Medium,0.12,53.78,0.1155
Ceramics,Medium,163869,196276,27484,2983,119394,3841,142.69,53.87,7.99,4.95,209.5,1.28,2.97,3.22,Electricity,Natural Gas,248310,10,IE4 Motor,High,90.9,6.899963578972927,6.81365221723966,7.4360105913503975,3.4045271997079225,24.55,1.278,86.29,Low,0.15,31.42,0.1265
Textile,Small,22873,88046,11653,1592,57993,2313,64.01,22.84,4.27,2.98,94.1,4.11,9.29,3.99,Electricity,Natural Gas,116218,30,Compressed Air Optimization,Low,80.6,2.123952895471653,1.982125062282013,3.331862312444836,1.6064257028112447,9.04,4.114,25.08,Medium,0.12,11.29,0.0971
Food Processing,Large,192940,393512,43301,3270,128236,13598,286.08,84.87,8.76,17.54,397.25,2.06,4.37,10.6,Electricity,Natural Gas,463176,20,LED Lighting,Low,76.4,15.60398203229331,11.64050822122571,8.285525154457194,14.895947426067908,50.43,2.059,69.44,Medium,0.08,31.78,0.0686
Metal Fabrication,Large,246083,488882,57527,7434,151886,7919,355.42,112.75,19.92,10.22,498.31,2.02,4.48,5.21,Electricity,Natural Gas,400024,25,Compressed Air Optimization,Low,96.2,19.813038727692124,15.981564524165421,20.597969991173876,8.214676889375685,64.61,2.025,70.17,Medium,0.12,59.8,0.1495
Plastics,Large,306220,414849,47754,5754,189603,12184,301.6,93.6,15.42,15.72,426.34,1.39,3.01,6.43,Electricity,Natural Gas,560394,35,Power Factor Correction,Medium,78.4,16.5460725992473,12.999813153961135,15.633274492497792,13.234757210660824,58.41,1.392,83.83,Medium,0.07,29.84,0.0532
Ceramics,Small,27388,88133,11004,1237,40481,2712,64.07,21.57,3.32,3.5,92.46,3.38,7.46,6.7,Electricity,Natural Gas,78637,15,VFD Installation,Low,69.8,2.127594998178948,1.7843796711509718,2.2837599293909974,2.08105147864184,8.28,3.376,41.01,Low,0.12,11.1,0.1412
Textile,Large,247694,426385,55703,5898,145901,12666,309.98,109.18,15.81,16.34,451.31,1.82,4.09,8.68,Electricity,Natural Gas,405790,15,Energy Audit,High,94.2,17.054752944033023,15.425697558545092,16.063548102383056,13.800657174151148,62.34,1.822,74.55,Medium,0.1,45.13,0.1112
Electronics,Small,49651,67061,5423,1105,40836,1237,48.75,10.63,2.96,1.6,63.94,1.29,2.55,3.03,Electricity,Natural Gas,59482,15,LED Lighting,Low,84.0,1.197644773582615,0.08096661684105651,1.8865842894969107,0.34684191310697343,3.51,1.288,86.08,Low,0.08,5.12,0.0861
Leather,Large,169253,420454,55282,5287,200315,14411,305.67,108.35,14.17,18.59,446.78,2.64,5.91,7.19,Electricity,Natural Gas,531496,30,Power Factor Correction,Medium,67.0,16.79312856622557,15.296462381664174,14.254192409532216,15.854326396495072,62.2,2.64,56.9,Medium,0.07,31.27,0.0588
Leather,Large,313715,371243,32101,5211,189994,13457,269.89,62.92,13.97,17.36,364.14,1.16,2.29,7.08,Electricity,Natural Gas,484580,30,Power Factor Correction,High,72.5,14.621221318441178,8.222782760338815,14.033539276257724,14.731653888280395,51.61,1.161,88.82,Medium,0.07,25.49,0.0526
Textile,Large,318168,332470,36612,4410,257101,9340,241.71,71.76,11.82,12.05,337.34,1.06,2.26,3.63,Electricity,Natural Gas,405792,10,IE4 Motor,Medium,91.4,12.910647080247662,9.599215246636772,11.661518093556928,9.884994523548741,44.06,1.06,91.0,Low,0.15,50.6,0.1247
Food Processing,Medium,143469,119315,29443,2371,103130,3391,86.74,57.71,6.35,4.37,155.17,1.08,2.97,3.29,Electricity,Natural Gas,180630,30,LED Lighting,Low,74.9,3.5037028044190843,7.411559541604385,5.626654898499559,2.8751369112814897,19.42,1.082,90.52,Medium,0.08,12.41,0.0687
Electronics,Medium,76133,123007,14236,1712,86344,3819,89.43,27.9,4.59,4.93,126.85,1.67,3.6,4.42,Electricity,Natural Gas,159271,30,HVAC Optimization,Medium,73.9,3.6669904091295376,2.769992526158445,3.6849073256840246,3.3862723621759767,13.51,1.666,77.92,Medium,0.1,12.68,0.0796
Glass,Small,83553,71293,8664,1138,51594,1290,51.83,16.98,3.05,1.66,73.52,0.88,1.96,2.5,Electricity,Natural Gas,137960,10,Power Factor Correction,Medium,83.5,1.384606045890494,1.0696935724962633,1.9858781994704322,0.4016064257028112,4.84,0.88,94.88,Low,0.07,5.15,0.0373
Chemical,Small,45028,54673,14608,1012,64849,2843,39.75,28.63,2.71,3.67,74.76,1.66,4.57,4.38,Electricity,Natural Gas,117443,20,HVAC Optimization,Low,67.0,0.6513293674881632,2.8836571998006972,1.610767872903795,2.236217597663381,7.38,1.66,78.05,Low,0.1,7.48,0.0637
Pharmaceutical,Medium,130185,149074,30122,2208,107936,4497,108.38,59.04,5.92,5.8,179.14,1.38,3.54,4.17,Electricity,Natural Gas,151915,10,Compressed Air Optimization,High,78.7,4.817287847517299,7.618647234678624,5.1522506619594,4.1803577948156265,21.77,1.376,84.18,Low,0.12,21.5,0.1415
Electronics,Medium,97724,124024,16779,1471,79992,3192,90.17,32.89,3.94,4.12,131.12,1.34,3.06,3.99,Electricity,Natural Gas,198842,35,Smart Metering,High,68.9,3.7119096758528594,3.5469606377678127,2.967784642541924,2.6469514421321656,12.87,1.342,84.91,Medium,0.05,6.56,0.033
Pharmaceutical,Medium,95120,170977,18149,2309,101182,5462,124.3,35.57,6.19,7.05,173.11,1.82,3.83,5.4,Electricity,Natural Gas,284403,25,VFD Installation,Low,83.4,5.783659099186597,3.964250124564026,5.450132391879965,5.321285140562249,20.52,1.82,74.6,Medium,0.12,20.77,0.073
Cement,Medium,131647,181559,40821,2503,171655,5940,131.99,80.01,6.71,7.66,226.37,1.72,4.57,3.46,Electricity,Natural Gas,299012,10,LED Lighting,Low,72.4,6.250455262838413,10.883781763826608,6.0238305383936455,5.878057685286602,29.04,1.72,76.75,Low,0.08,18.11,0.0606
Paper & Pulp,Small,58675,124548,15241,1788,76571,2468,90.55,29.87,4.79,3.18,128.39,2.19,4.87,3.22,Electricity,Natural Gas,61137,25,VFD Installation,Low,64.4,3.7349763263324025,3.07673143996014,3.9055604589585173,1.7889740781307049,12.51,2.188,66.65,Medium,0.12,15.41,0.2521
Paper & Pulp,Medium,156400,211532,34204,2984,118556,6637,153.78,67.04,8.0,8.56,237.38,1.52,3.63,5.6,Electricity,Natural Gas,233585,20,Power Factor Correction,Low,68.1,7.573145562704868,8.8642874937718,7.447043248014122,6.69952537422417,30.58,1.518,81.11,Low,0.07,16.62,0.0712
Steel,Medium,172228,273938,28896,4154,143682,6936,199.15,56.64,11.13,8.95,275.87,1.6,3.39,4.83,Electricity,Natural Gas,169476,15,HVAC Optimization,High,99.8,10.327182226538788,7.244955156950672,10.90026478375993,7.055494706097115,35.53,1.602,79.3,Low,0.1,27.59,0.1628
Plastics,Large,205641,344415,45761,3836,298080,10291,250.39,89.69,10.28,13.28,363.64,1.77,3.99,3.45,Electricity,Natural Gas,328293,15,IE4 Motor,High,70.7,13.437537938569866,12.391006477329347,9.962488967343337,11.007667031763416,46.8,1.768,75.72,Low,0.15,54.55,0.1662
Textile,Small,39014,73524,8263,1168,67336,2961,53.45,16.2,3.13,3.82,76.6,1.96,4.15,4.4,Electricity,Natural Gas,62154,10,Smart Metering,Low,82.8,1.4829428189874956,0.9482436472346786,2.0741394527802295,2.373128879152975,6.88,1.963,71.51,Low,0.05,3.83,0.0616
Steel,Small,32535,153568,9573,1908,62120,1504,111.64,18.76,5.11,1.94,137.45,4.22,7.96,2.42,Electricity,Natural Gas,115175,25,Solar Rooftop,Low,79.3,5.015175427947068,1.3468485301444946,4.258605472197705,0.6571741511500547,11.28,4.225,22.69,Medium,0.25,34.36,0.2983
Cement,Small,119479,155826,20918,1392,62820,2791,113.29,41.0,3.73,3.6,161.62,1.35,3.11,4.44,Electricity,Natural Gas,146663,20,Energy Audit,High,76.8,5.1153332523977175,4.809728450423518,2.736098852603707,2.1723256663015698,14.83,1.353,84.68,Low,0.1,16.16,0.1102
Glass,Large,261072,432961,62121,6627,287080,12151,314.76,121.76,17.76,15.67,469.95,1.8,4.16,4.23,Electricity,Natural Gas,440525,30,Compressed Air Optimization,Low,76.3,17.344907126380964,17.38446686596911,18.21491615180936,13.18912011683096,66.13,1.8,75.03,Medium,0.12,56.39,0.128
Ceramics,Large,206323,329129,53521,6855,272349,10429,239.28,104.9,18.37,13.45,376.0,1.82,4.36,3.83,Electricity,Natural Gas,456158,20,IE4 Motor,High,87.3,12.763141920602159,14.759280019930246,18.887908208296558,11.162833150784957,57.57,1.822,74.55,Medium,0.15,56.4,0.1236
Leather,Medium,113694,126562,24697,2544,117708,5126,92.01,48.41,6.82,6.61,153.85,1.35,3.4,4.35,Electricity,Natural Gas,194365,20,IE4 Motor,Low,76.7,3.8236008255432807,5.963502740408569,6.145189761694617,4.919678714859438,20.85,1.353,84.68,Low,0.15,23.08,0.1187
Pharmaceutical,Medium,93346,175705,29144,2216,83200,4999,127.74,57.12,5.94,6.45,197.25,2.11,5.12,6.01,Electricity,Natural Gas,286586,30,Power Factor Correction,Low,88.2,5.992472987738254,7.319693572496262,5.1743159752868495,4.77364001460387,23.26,2.113,68.27,Medium,0.07,13.81,0.0482
Metal Fabrication,Medium,116633,244237,19706,2549,139023,5246,177.56,38.62,6.83,6.77,229.78,1.97,3.89,3.77,Electricity,Natural Gas,150685,25,Smart Metering,Low,90.8,9.016632269029985,4.439150473343298,6.1562224183583405,5.065717415115005,24.68,1.97,71.36,Medium,0.05,11.49,0.0763
Plastics,Small,31231,101279,9194,1300,74074,1244,73.63,18.02,3.48,1.6,96.73,3.1,6.39,1.68,Electricity,Natural Gas,95366,20,Energy Audit,Medium,95.4,2.707903362874833,1.2316268061783757,2.4602824360105915,0.34684191310697343,6.75,3.097,47.03,Low,0.1,9.67,0.1014
Plastics,Large,278738,389094,65571,4938,188851,15368,282.87,128.52,13.23,19.82,444.44,1.59,3.84,8.14,Electricity,Natural Gas,496726,25,VFD Installation,Medium,92.8,15.409129537452957,18.43703288490284,13.217122683142101,16.97699890470975,64.04,1.594,79.47,Medium,0.12,53.33,0.1074
Automotive Parts,Small,33168,109365,6100,1523,58702,3386,79.51,11.96,4.08,4.37,99.92,3.01,5.37,5.77,Electricity,Natural Gas,140586,25,Smart Metering,High,89.4,3.0648294281898756,0.2880543099152967,3.122241835834069,2.8751369112814897,9.35,3.013,48.85,Medium,0.05,5.0,0.0356
Steel,Small,75047,132609,17304,1528,88495,3120,96.41,33.92,4.1,4.02,138.45,1.84,4.17,3.53,Electricity,Natural Gas,71678,25,LED Lighting,High,61.9,4.090688357411679,3.707336821126059,3.1443071491615173,2.555677254472435,13.5,1.845,74.06,Medium,0.08,11.08,0.1546
Food Processing,Small,34665,64892,5158,1161,45779,1076,47.18,10.11,3.11,1.39,61.79,1.78,3.53,2.35,Electricity,Natural Gas,51959,30,Power Factor Correction,Medium,67.1,1.1023430860750272,0.0,2.05207413945278,0.15516611902154062,3.31,1.782,75.42,Medium,0.07,4.33,0.0833
Food Processing,Small,20445,95095,13492,796,39877,1276,69.13,26.44,2.13,1.65,99.35,4.86,11.45,3.2,Electricity,Natural Gas,83332,30,VFD Installation,Medium,60.5,2.434745659827607,2.5426631788739416,0.9708737864077669,0.3924790069368382,6.34,4.859,9.0,Medium,0.12,11.92,0.143
Electronics,Large,171171,349473,38295,3292,195671,8509,254.07,75.06,8.82,10.98,348.93,2.04,4.38,4.35,Electricity,Natural Gas,349836,10,HVAC Optimization,Low,93.8,13.660920237950707,10.113041853512705,8.351721094439542,8.90836071558963,41.03,2.038,69.89,Low,0.1,34.89,0.0997
Cement,Large,356551,397221,71637,7712,286263,15433,288.78,140.41,20.67,19.91,469.77,1.32,3.23,5.39,Electricity,Natural Gas,371939,10,HVAC Optimization,High,82.7,15.767876654121645,20.28836571998007,21.42541924095322,17.059145673603506,74.54,1.318,85.43,Medium,0.1,46.98,0.1263
Pharmaceutical,Medium,135655,203954,21740,2513,96131,3506,148.27,42.61,6.73,4.52,202.13,1.49,3.2,3.65,Electricity,Natural Gas,150402,30,VFD Installation,High,89.5,7.238679130751488,5.060413552566019,6.045895851721095,3.012048192771084,21.36,1.49,81.72,Medium,0.12,24.26,0.1613
Glass,Small,59853,51456,12349,1404,76453,2602,37.41,24.2,3.76,3.36,68.73,1.15,3.04,3.4,Electricity,Natural Gas,108346,10,LED Lighting,Low,84.8,0.5092873619036055,2.1938839063278524,2.7691968225948806,1.953267615918218,7.43,1.148,89.1,Low,0.08,5.5,0.0508
Automotive Parts,Medium,108577,161756,24846,3293,136745,6025,117.6,48.7,8.83,7.77,182.9,1.68,3.93,4.41,Electricity,Natural Gas,189669,25,Smart Metering,High,84.3,5.376957630205172,6.008657199800698,8.362753751103266,5.978459291712303,25.73,1.685,77.51,Medium,0.05,9.15,0.0482
Automotive Parts,Large,234512,237270,61342,5711,170839,16725,172.5,120.23,15.31,21.58,329.62,1.41,3.75,9.79,Electricity,Natural Gas,437915,20,Energy Audit,Medium,62.2,8.709481607381326,17.14623816641754,15.511915269196825,18.583424607520993,59.95,1.406,83.53,Medium,0.1,32.96,0.0753
Chemical,Large,294002,233977,42396,5238,231734,11589,170.1,83.1,14.04,14.95,282.19,0.96,2.33,5.0,Electricity,Natural Gas,456871,15,Smart Metering,Low,99.9,8.563797499089473,11.364910313901344,14.110767872903796,12.531945965680904,46.57,0.96,93.16,Low,0.05,14.11,0.0309
Leather,Small,62091,96014,6550,673,37998,2013,69.8,12.84,1.8,2.6,87.04,1.4,2.66,5.3,Electricity,Natural Gas,70369,35,Solar Rooftop,Medium,78.9,2.4754158067257497,0.42507473841554566,0.6067961165048544,1.2595837897042717,4.77,1.402,83.62,Medium,0.25,21.76,0.3092
Food Processing,Medium,105819,141533,27730,2620,84114,3745,102.89,54.35,7.02,4.83,169.09,1.6,4.08,4.45,Electricity,Natural Gas,150376,10,Compressed Air Optimization,High,74.2,4.484035449799684,6.888390632785252,6.3658428949691075,3.294998174516247,21.03,1.598,79.39,Low,0.12,20.29,0.1349
Electronics,Small,25794,102125,9914,676,55880,2317,74.24,19.43,1.81,2.99,98.47,3.82,7.93,4.15,Electricity,Natural Gas,146860,10,Smart Metering,High,62.2,2.744931407065679,1.4511709018435477,0.617828773168579,1.6155531215772183,6.43,3.818,31.47,Low,0.05,4.92,0.0335
Chemical,Medium,125293,199621,29822,2819,135884,4214,145.12,58.45,7.55,5.44,216.56,1.73,4.09,3.1,Electricity,Natural Gas,174793,30,Smart Metering,Low,85.7,7.047468738618429,7.526781265570504,6.950573698146513,3.851770719240599,25.38,1.728,76.58,Medium,0.05,10.83,0.062
Textile,Large,206509,309095,62005,6162,195507,10084,224.71,121.53,16.51,13.01,375.76,1.82,4.65,5.16,Electricity,Natural Gas,454928,20,LED Lighting,High,78.6,11.878717979847032,17.34865470852018,16.83583406884378,10.761226725082146,56.82,1.82,74.6,Medium,0.08,30.06,0.0661
Glass,Large,254560,386017,68195,3779,205336,18417,280.63,133.66,10.13,23.76,448.18,1.76,4.27,8.97,Electricity,Natural Gas,434482,15,HVAC Optimization,Low,73.8,15.273157703047225,19.237356751370204,9.796999117387466,20.573201898503104,64.88,1.761,75.87,Medium,0.1,44.82,0.1032
Pharmaceutical,Large,310081,327653,56868,3952,148835,9562,238.2,111.46,10.59,12.33,372.58,1.2,2.95,6.42,Electricity,Natural Gas,584584,35,Compressed Air Optimization,Medium,96.0,12.697584071870823,15.780705032386647,10.3045013239188,10.140562248995984,48.92,1.202,87.93,Medium,0.12,44.71,0.0765
Automotive Parts,Medium,140907,159448,28796,2904,104340,6747,115.92,56.44,7.78,8.7,188.84,1.34,3.28,6.47,Electricity,Natural Gas,190046,35,Energy Audit,High,63.7,5.274978754400874,7.213814150473342,7.204324801412181,6.82730923694779,26.52,1.34,84.96,Medium,0.1,18.88,0.0993
Paper & Pulp,Small,33668,140011,11716,1493,42595,2939,101.79,22.96,4.0,3.79,132.54,3.94,7.86,6.9,Electricity,Natural Gas,108260,20,HVAC Optimization,Medium,89.2,4.417263566832585,2.0008096661684105,3.033980582524272,2.3457466228550565,11.8,3.937,28.9,Low,0.1,13.25,0.1224
Leather,Small,44812,87776,6968,1082,60613,2099,63.81,13.66,2.9,2.71,83.08,1.85,3.63,3.46,Electricity,Natural Gas,65853,30,IE4 Motor,Low,97.6,2.111812553113998,0.552752864972596,1.820388349514563,1.3599853961299744,5.84,1.854,73.86,Medium,0.15,12.46,0.1892
Plastics,Small,55408,84350,14546,1775,64588,2504,61.32,28.51,4.76,3.23,97.82,1.77,4.31,3.88,Electricity,Natural Gas,138312,30,Smart Metering,Medium,80.5,1.9606652907611992,2.8649725959143,3.872462488967343,1.8346111719605693,10.53,1.765,75.78,Medium,0.05,4.89,0.0354
Cement,Large,325014,313260,54869,5375,209820,15409,227.74,107.54,14.4,19.88,369.56,1.14,2.73,7.34,Electricity,Natural Gas,441567,35,IE4 Motor,Low,69.3,12.062644166565496,15.170341305430993,14.507943512797883,17.031763417305587,58.77,1.137,89.34,Medium,0.15,55.43,0.1255
Cement,Small,109540,149259,12285,1782,48435,2068,108.51,24.08,4.78,2.67,140.04,1.28,2.57,4.27,Electricity,Natural Gas,118167,15,HVAC Optimization,High,69.5,4.825179070049776,2.1751993024414547,3.894527802294793,1.3234757210660824,12.22,1.278,86.29,Low,0.1,14.0,0.1185
Glass,Large,239132,313347,60075,4567,244730,13180,227.8,117.75,12.24,17.0,374.79,1.57,3.92,5.39,Electricity,Natural Gas,499395,10,Energy Audit,Medium,73.0,12.066286269272792,16.760089686098656,12.124889673433364,14.403066812705367,55.35,1.567,80.06,Medium,0.1,37.48,0.0751
Plastics,Medium,112938,198403,32441,2462,108763,4271,144.24,63.58,6.6,5.51,219.93,1.95,4.74,3.93,Electricity,Natural Gas,150654,20,Energy Audit,Low,79.0,6.9940512322447494,8.325548081714,5.902471315092674,3.91566265060241,25.14,1.947,71.85,Low,0.1,21.99,0.146
Ceramics,Large,207187,278477,43576,6164,156017,11295,202.45,85.41,16.52,14.57,318.95,1.54,3.6,7.24,Electricity,Natural Gas,569519,25,Power Factor Correction,Low,74.1,10.527497875440085,11.724588938714499,16.8468667255075,12.185104052573932,51.28,1.539,80.66,Medium,0.07,22.33,0.0392
Food Processing,Medium,141669,187934,27893,2229,98345,5456,136.63,54.67,5.97,7.04,204.31,1.44,3.37,5.55,Electricity,Natural Gas,264886,25,LED Lighting,High,69.9,6.532111205535996,6.938216243148979,5.207413945278023,5.312157721796276,23.99,1.442,82.75,Medium,0.08,16.34,0.0617
Food Processing,Small,47659,98038,10893,596,37311,2012,71.27,21.35,1.6,2.6,96.82,2.03,4.41,5.39,Electricity,Natural Gas,86396,30,VFD Installation,Medium,74.2,2.56464732305451,1.7501245640259095,0.38614298323036195,1.2595837897042717,5.96,2.032,70.02,Medium,0.12,11.62,0.1345
Pharmaceutical,Small,24036,118116,14181,1526,54898,1662,85.87,27.79,4.09,2.14,119.89,4.99,11.13,3.03,Electricity,Natural Gas,54604,25,LED Lighting,Low,72.3,3.4508923151632875,2.7528649725959142,3.133274492497793,0.8397225264695145,10.18,4.988,6.22,Medium,0.08,9.59,0.1756
Pharmaceutical,Large,222926,356943,51780,4228,251594,8280,259.5,101.49,11.33,10.68,383.0,1.72,4.02,3.29,Electricity,Natural Gas,502179,25,LED Lighting,High,75.3,13.99053053296103,14.228325859491777,11.120917917034422,8.63453815261044,47.97,1.718,76.8,Medium,0.08,30.64,0.061
Plastics,Small,61047,139786,16673,1356,48283,2521,101.62,32.68,3.63,3.25,141.18,2.31,5.13,5.22,Electricity,Natural Gas,148994,35,Smart Metering,Low,71.2,4.406944275828579,3.514262580966617,2.6257722859664607,1.8528660094925158,12.4,2.313,63.95,Medium,0.05,7.06,0.0474
Paper & Pulp,Medium,120857,202740,31191,2804,123769,5350,147.39,61.13,7.51,6.9,222.93,1.84,4.37,4.32,Electricity,Natural Gas,156686,30,VFD Installation,Medium,93.5,7.185261624377806,7.9440707523667164,6.906443071491615,5.184373859072655,27.22,1.845,74.06,Medium,0.12,26.75,0.1707
Textile,Medium,100172,159564,21115,1706,97960,3492,116.0,41.39,4.57,4.5,166.46,1.66,3.79,3.56,Electricity,Natural Gas,278931,20,VFD Installation,High,78.8,5.279834891343936,4.87045341305431,3.6628420123565757,2.9937933552391387,16.81,1.662,78.01,Low,0.12,19.98,0.0716
Automotive Parts,Medium,92258,182006,32240,2846,81561,5865,132.32,63.19,7.63,7.57,210.71,2.28,5.62,7.19,Electricity,Natural Gas,199986,25,Smart Metering,Medium,64.3,6.270486827728542,8.264823119083209,7.038834951456311,5.795910916392844,27.37,2.284,64.58,Medium,0.05,10.54,0.0527
Ceramics,Large,209625,396784,36411,6377,208512,7216,288.46,71.37,17.09,9.31,386.23,1.84,3.78,3.46,Electricity,Natural Gas,506551,35,Compressed Air Optimization,Medium,96.9,15.748452106349397,9.538490284005979,17.475728155339805,7.384081781672143,50.15,1.842,74.12,Medium,0.12,46.35,0.0915
Metal Fabrication,Medium,156032,207401,35202,3725,119952,6123,150.78,69.0,9.98,7.9,237.66,1.52,3.7,5.1,Electricity,Natural Gas,289300,30,IE4 Motor,Low,72.3,7.391040427340051,9.169469357249627,9.631509267431598,6.097115735669953,32.29,1.523,81.01,Medium,0.15,35.65,0.1232
Steel,Large,284198,535214,68759,7524,249640,11743,389.1,134.77,20.16,15.15,559.18,1.97,4.44,4.7,Electricity,Natural Gas,465147,25,Solar Rooftop,High,61.1,21.857472380721138,19.410189337319384,20.862753751103266,12.714494341000366,74.84,1.968,71.4,Medium,0.25,139.79,0.3005
Ceramics,Medium,126545,225942,23138,2253,109455,5341,164.26,45.35,6.04,6.89,222.54,1.76,3.7,4.88,Electricity,Natural Gas,161299,25,Smart Metering,High,97.9,8.209299502245962,5.487045341305431,5.284642541924095,5.175246440306681,24.16,1.759,75.91,Medium,0.05,11.13,0.069
Pharmaceutical,Medium,112228,130605,27848,2416,126645,5170,94.95,54.58,6.47,6.67,162.67,1.45,3.75,4.08,Electricity,Natural Gas,277990,10,VFD Installation,High,82.7,4.002063858200802,6.92420279023418,5.759046778464254,4.974443227455275,21.66,1.449,82.6,Low,0.12,19.52,0.0702
Pharmaceutical,Large,289567,434836,58713,3571,211483,14825,316.13,115.08,9.57,19.12,459.9,1.59,3.59,7.01,Electricity,Natural Gas,511187,10,IE4 Motor,High,76.9,17.428068471530896,16.344357249626306,9.179170344218889,16.338079591091642,59.29,1.588,79.6,Medium,0.15,68.98,0.1349
Leather,Large,208611,307278,54832,4302,229925,10012,223.39,107.47,11.53,12.92,355.31,1.7,4.2,4.35,Electricity,Natural Gas,363534,10,Solar Rooftop,Low,99.2,11.79859172028651,15.159441953163928,11.341571050308914,10.679079956188389,48.98,1.703,77.12,Low,0.25,88.83,0.2444
Chemical,Large,333644,270395,41780,4490,237904,13465,196.58,81.89,12.03,17.37,307.87,0.92,2.13,5.66,Electricity,Natural Gas,523092,35,Energy Audit,Low,89.5,10.171178827242928,11.176507224713502,11.893203883495145,14.740781307046369,47.98,0.923,93.96,Medium,0.1,30.79,0.0589
Chemical,Large,249472,313837,61975,3879,150091,12022,228.16,121.47,10.4,15.51,375.54,1.51,3.82,8.01,Electricity,Natural Gas,345492,20,IE4 Motor,Low,94.7,12.08813888551657,17.339312406576983,10.094880847308033,13.043081416575392,52.57,1.505,81.39,Medium,0.15,56.33,0.163
Plastics,Medium,138580,182921,26557,2969,139234,5157,132.98,52.05,7.96,6.65,199.64,1.44,3.34,3.7,Electricity,Natural Gas,242776,20,Power Factor Correction,High,74.9,6.310549957508801,6.530269058295963,7.4029126213592225,4.95618838992333,25.2,1.441,82.78,Low,0.07,13.97,0.0575
Steel,Large,321144,431919,58442,4946,321314,18021,314.01,114.55,13.26,23.25,465.07,1.45,3.24,5.61,Electricity,Natural Gas,414300,35,VFD Installation,Medium,90.5,17.29938084253976,16.261833582461385,13.250220653133274,20.107703541438482,66.92,1.448,82.62,Medium,0.12,55.81,0.1347
Paper & Pulp,Small,46941,116178,11418,1027,52175,3540,84.46,22.38,2.75,4.57,114.16,2.43,5.02,6.78,Electricity,Natural Gas,78760,25,LED Lighting,Low,92.7,3.365302901541823,1.9105007473841553,1.654898499558694,3.05768528660095,9.99,2.432,61.39,Medium,0.08,9.13,0.1159
Glass,Small,29770,70170,9720,1386,75961,1960,51.01,19.05,3.71,2.53,76.3,2.56,5.85,2.58,Electricity,Natural Gas,130495,15,Solar Rooftop,Low,67.1,1.3348306422241105,1.3920029895366222,2.7140335392762576,1.1956918583424605,6.64,2.563,58.56,Low,0.25,19.08,0.1462
Paper & Pulp,Medium,131458,216650,20447,2376,120913,6178,157.5,40.08,6.37,7.97,211.92,1.61,3.29,5.11,Electricity,Natural Gas,187963,35,VFD Installation,Medium,80.4,7.7989559305572405,4.666479820627802,5.648720211827008,6.161007667031764,24.28,1.612,79.08,Medium,0.12,25.43,0.1353
Metal Fabrication,Large,300138,365884,51868,5735,286508,7664,266.0,101.66,15.37,9.89,392.92,1.31,3.04,2.67,Electricity,Natural Gas,475970,30,Power Factor Correction,Low,71.5,14.385091659584798,14.25479571499751,15.578111209179168,7.913472070098576,52.13,1.309,85.62,Medium,0.07,27.5,0.0578
Cement,Small,31644,155322,13449,1734,57655,1960,112.92,26.36,4.65,2.53,146.46,4.63,9.43,3.4,Electricity,Natural Gas,126462,15,Smart Metering,Low,70.7,5.092873619036057,2.5302067762830096,3.751103265666373,1.1956918583424605,12.57,4.628,13.99,Low,0.05,7.32,0.0579
Plastics,Small,27763,137762,16111,1561,45492,2307,100.15,31.58,4.18,2.98,138.89,5.0,11.05,5.07,Electricity,Natural Gas,90484,35,Power Factor Correction,High,62.5,4.317712759499819,3.342987045341305,3.232568402471315,1.6064257028112447,12.5,5.003,5.89,Medium,0.07,9.72,0.1074
Paper & Pulp,Large,196452,350517,54522,5037,237556,19197,254.83,106.86,13.5,24.76,399.95,2.04,4.69,8.08,Electricity,Natural Gas,436111,35,LED Lighting,Low,95.1,13.707053538909797,15.064461883408073,13.515004413062664,21.485943775100402,63.77,2.036,69.93,Medium,0.08,32.0,0.0734
